auction_id,asset_Broker Commission Available_label,asset_Interior Access_label,asset_Newly Listed_label,asset_No Buyer's Premium_label,asset_Vacant_label,asset_address_content_1,asset_address_content_2,asset_auction_date,asset_auction_type,asset_baths,asset_beds,asset_image,asset_list_headers_address,asset_list_headers_auction,asset_list_headers_baths,asset_list_headers_beds,asset_list_headers_price,asset_list_headers_sort_dropdown,asset_list_headers_sort_dropdown_asset_activation_dt_sort,asset_list_headers_sort_dropdown_auction_date_order,asset_list_headers_sort_dropdown_baths,asset_list_headers_sort_dropdown_beds,asset_list_headers_sort_dropdown_resi_property_address,asset_list_headers_sort_dropdown_resi_sort_v2,asset_list_headers_sort_dropdown_sqft,asset_list_headers_sort_dropdown_valuation_estimate,asset_list_headers_sqft,asset_list_pagination,asset_list_totals_label,asset_save_label,asset_sqft,auction_end_date,city,county,label_after_repair_value,label_after_repair_value_value,label_reserve,label_reserve_value,label_starting_bid,label_starting_bid_value,state,zipcode
2648578,,,,No Buyer's Premium,,2966 CRYSTAL CREEK DRIVE,"SAN JOSE, CA 95133, Santa Clara County","Sep 04, 9:00am","Foreclosure Sale, In Person",2.5,3,HOT,,,,,,,,,,,,,,,,,,Save,"1,728",2019-09-04,SAN JOSE, Santa Clara,Est. Resale Value:,"$1,241,000",Est. Credit Bid:,–,Opening Bid:,"$720,000",CA,95133
2787080,,,,No Buyer's Premium,,4006 TEALE AVENUE,"SAN JOSE, CA 95117, Santa Clara County","Dec 11, 9:00am","Foreclosure Sale, In Person",2,4,HOT,,,,,,,,,,,,,,,,,,Save,"1,769",2019-12-11,SAN JOSE, Santa Clara,Est. Resale Value:,"$1,505,000",Est. Credit Bid:,–,Opening Bid:,"$320,000",CA,95117
2654221,,,,No Buyer's Premium,,1133 PRESCOTT AVENUE,"SUNNYVALE, CA 94089, Santa Clara County","Sep 18, 9:00am","Foreclosure Sale, In Person",2,3,HOT,,,,,,,,,,,,,,,,,,Save,"1,108",2019-09-18,SUNNYVALE, Santa Clara,Est. Resale Value:,"$1,232,000",Est. Credit Bid:,–,Opening Bid:,"$700,000",CA,94089
1408271,,,,No Buyer's Premium,,445 MIRADA RD,"HALF MOON BAY, CA 94019, San Mateo County","Oct 02, 1:00pm","Foreclosure Sale, In Person",4,4,,,,,,,,,,,,,,,,,,,Save,"2,450",2019-10-02,HALF MOON BAY, San Mateo,Est. Resale Value:,–,Est. Credit Bid:,–,Opening Bid:,"$1,950,000",CA,94019
2840095,,,,No Buyer's Premium,,2540 BRENFORD DRIVE,"SAN JOSE, CA 95122, Santa Clara County","Sep 18, 9:00am","Foreclosure Sale, In Person",–,–,,,,,,,,,,,,,,,,,,,Save,–,2019-09-18,SAN JOSE, Santa Clara,Est. Resale Value:,"$890,000",Est. Credit Bid:,–,Opening Bid:,–,CA,95122
2780708,,,,No Buyer's Premium,,535 SOBRATO DR,"CAMPBELL, CA 95008, Santa Clara County","Sep 13, Time TBD","Foreclosure Sale, In Person",4,4,,,,,,,,,,,,,,,,,,,Save,"2,698",2019-09-13,CAMPBELL, Santa Clara,Est. Resale Value:,"$1,993,000",Est. Credit Bid:,–,Opening Bid:,–,CA,95008
2814507,,,,No Buyer's Premium,,520 UNIVERSITY AVE,"SAN JOSE, CA 95110, Santa Clara County","Oct 07, Time TBD","Foreclosure Sale, In Person",1,2,,,,,,,,,,,,,,,,,,,Save,744,2019-10-07,SAN JOSE, Santa Clara,Est. Resale Value:,"$979,000",Est. Credit Bid:,–,Opening Bid:,–,CA,95110
2805833,,,,No Buyer's Premium,,2650 THRASHER LN,"SAN JOSE, CA 95125, Santa Clara County","Sep 11, Time TBD","Foreclosure Sale, In Person",2,3,,,,,,,,,,,,,,,,,,,Save,"1,523",2019-09-11,SAN JOSE, Santa Clara,Est. Resale Value:,"$1,526,000",Est. Credit Bid:,–,Opening Bid:,–,CA,95125
2718296,,,,No Buyer's Premium,,421 PORTOFINO DRIVE,"SAN CARLOS, CA 94070, San Mateo County","Nov 13, 1:00pm","Foreclosure Sale, In Person",8,8,,,,,,,,,,,,,,,,,,,Save,"5,037",2019-11-13,SAN CARLOS, San Mateo,Est. Resale Value:,"$3,051,000",Est. Credit Bid:,–,Opening Bid:,"$1,200,000",CA,94070
2813021,,,,No Buyer's Premium,,1679 VALLEY CREST COURT,"SAN JOSE, CA 95131, Santa Clara County","Sep 18, 9:00am","Foreclosure Sale, In Person",2.5,4,HOT,,,,,,,,,,,,,,,,,,Save,"1,802",2019-09-18,SAN JOSE, Santa Clara,Est. Resale Value:,"$1,432,000",Est. Credit Bid:,–,Opening Bid:,"$720,000",CA,95131
2805859,,,,No Buyer's Premium,,4969 BERKELAND CT,"SAN JOSE, CA 95111, Santa Clara County","Sep 04, 10:00am","Foreclosure Sale, In Person",2,4,,,,,,,,,,,,,,,,,,,Save,"1,594",2019-09-04,SAN JOSE, Santa Clara,Est. Resale Value:,"$993,000",Est. Credit Bid:,–,Opening Bid:,–,CA,95111
2770278,,,,No Buyer's Premium,,13338 FONTAINE DRIVE,"SARATOGA, CA 95070, Santa Clara County","Oct 16, 9:00am","Foreclosure Sale, In Person",1,3,HOT,,,,,,,,,,,,,,,,,,Saved,"1,246",2019-10-16,SARATOGA, Santa Clara,Est. Resale Value:,"$2,384,000",Est. Credit Bid:,–,Opening Bid:,"$500,000",CA,95070
2806635,,,,No Buyer's Premium,,5315 SILVER GARDEN WAY,"SAN JOSE, CA 95138, Santa Clara County","Oct 16, 9:00am","Foreclosure Sale, In Person",2,2,HOT,,,,,,,,,,,,,,,,,,Save,"1,793",2019-10-16,SAN JOSE, Santa Clara,Est. Resale Value:,"$1,224,000",Est. Credit Bid:,–,Opening Bid:,"$135,000",CA,95138
2826094,,,,No Buyer's Premium,,17550 OLD SUMMIT RD,"LOS GATOS, CA 95033, Santa Cruz County","Oct 10, Time TBD","Foreclosure Sale, In Person",7,8,,,,,,,,,,,,,,,,,,,Save,"4,558",2019-10-10,LOS GATOS, Santa Cruz,Est. Resale Value:,"$2,304,000",Est. Credit Bid:,–,Opening Bid:,–,CA,95033
2756210,,,,No Buyer's Premium,,2081 MCKENZIE PLACE,"SAN JOSE, CA 95131, Santa Clara County","Oct 16, 9:00am","Foreclosure Sale, In Person",2.5,3,HOT,,,,,,,,,,,,,,,,,,Save,"1,929",2019-10-16,SAN JOSE, Santa Clara,Est. Resale Value:,"$1,398,000",Est. Credit Bid:,–,Opening Bid:,"$840,000",CA,95131
2756211,,,,No Buyer's Premium,,1232 SHERMAN ST,"SAN JOSE, CA 95110, Santa Clara County","Oct 30, 9:00am","Foreclosure Sale, In Person",1,2,,,,,,,,,,,,,,,,,,,Save,"1,188",2019-10-30,SAN JOSE, Santa Clara,Est. Resale Value:,"$895,000",Est. Credit Bid:,–,Opening Bid:,"$355,000",CA,95110
1418101,,,,No Buyer's Premium,,1028 WILSHAM DRIVE,"SAN JOSE, CA 95132, Santa Clara County","Sep 18, 9:00am","Foreclosure Sale, In Person",2,4,HOT,,,,,,,,,,,,,,,,,,Save,"1,580",2019-09-18,SAN JOSE, Santa Clara,Est. Resale Value:,"$1,387,000",Est. Credit Bid:,–,Opening Bid:,–,CA,95132
2785402,,,,No Buyer's Premium,,1016 SUMMERFIELD DR,"SAN JOSE, CA 95121, Santa Clara County","Nov 13, 9:00am","Foreclosure Sale, In Person",2,4,,,,,,,,,,,,,,,,,,,Save,"1,481",2019-11-13,SAN JOSE, Santa Clara,Est. Resale Value:,"$874,000",Est. Credit Bid:,–,Opening Bid:,"$200,000",CA,95121
2798716,,,,No Buyer's Premium,,1424 HOPKINS AVE,"REDWOOD CITY, CA 94062, San Mateo County","Sep 18, 12:30pm","Foreclosure Sale, In Person",–,–,,,,,,,,,,,,,,,,,,,Save,–,2019-09-18,REDWOOD CITY, San Mateo,Est. Resale Value:,–,Est. Credit Bid:,–,Opening Bid:,–,CA,94062
2821757,,,,No Buyer's Premium,,1034 HALL STREET,"SAN CARLOS, CA 94070, San Mateo County","Oct 16, 1:00pm","Foreclosure Sale, In Person",1,2,,,,,,,,,,,,,,,,,,,Save,910,2019-10-16,SAN CARLOS, San Mateo,Est. Resale Value:,"$1,578,000",Est. Credit Bid:,–,Opening Bid:,"$285,000",CA,94070
2823038,,,,No Buyer's Premium,,1573 HILL AVE,"SAN JOSE, CA 95125, Santa Clara County","Oct 30, 9:00am","Foreclosure Sale, In Person",1,2,HOT,,,,,,,,,,,,,,,,,,Save,"1,300",2019-10-30,SAN JOSE, Santa Clara,Est. Resale Value:,"$1,349,000",Est. Credit Bid:,–,Opening Bid:,"$245,000",CA,95125
2805899,,,,No Buyer's Premium,,7872 PINEVILLE CIR,"CASTRO VALLEY, CA 94552, Alameda County","Sep 05, 12:00pm","Foreclosure Sale, In Person",2.5,4,HOT,,,,,,,,,,,,,,,,,,Save,"2,340",2019-09-05,CASTRO VALLEY, Alameda,Est. Resale Value:,"$1,096,000",Est. Credit Bid:,–,Opening Bid:,–,CA,94552
2833047,,,,No Buyer's Premium,,10485 LOMITA AVE,"FELTON, CA 95018, Santa Cruz County","Sep 17, 1:00pm","Foreclosure Sale, In Person",2,2,,,,,,,,,,,,,,,,,,,Save,"1,038",2019-09-17,FELTON, Santa Cruz,Est. Resale Value:,"$634,000",Est. Credit Bid:,–,Opening Bid:,"$90,000",CA,95018
2809502,,,,No Buyer's Premium,,5554 SPINNAKER DRIVE #4,"SAN JOSE, CA 95123, Santa Clara County","Nov 13, 9:00am","Foreclosure Sale, In Person",1,2,HOT,,,,,,,,,,,,,,,,,,Save,798,2019-11-13,SAN JOSE, Santa Clara,Est. Resale Value:,"$516,000",Est. Credit Bid:,–,Opening Bid:,"$2,500",CA,95123
1399210,,,,No Buyer's Premium,,1006 LOVELL AVENUE,"CAMPBELL, CA 95008, Santa Clara County","Sep 04, 9:00am","Foreclosure Sale, In Person",2,4,,,,,,,,,,,,,,,,,,,Save,"1,189",2019-09-04,CAMPBELL, Santa Clara,Est. Resale Value:,"$1,548,000",Est. Credit Bid:,–,Opening Bid:,"$1,150,000",CA,95008
2832559,,,,No Buyer's Premium,,445 OAK GROVE AVE,"MENLO PARK, CA 94025, San Mateo County","Sep 18, 1:00pm","Foreclosure Sale, In Person",2,2,,,,,,,,,,,,,,,,,,,Save,"1,215",2019-09-18,MENLO PARK, San Mateo,Est. Resale Value:,"$1,342,000",Est. Credit Bid:,–,Opening Bid:,"$310,000",CA,94025
2735027,,,,No Buyer's Premium,,2121 JEFFERSON AVE,"REDWOOD CITY, CA 94061, San Mateo County","Oct 02, 1:00pm","Foreclosure Sale, In Person",2,3,HOT,,,,,,,,,,,,,,,,,,Save,"1,180",2019-10-02,REDWOOD CITY, San Mateo,Est. Resale Value:,"$1,521,000",Est. Credit Bid:,–,Opening Bid:,"$45,000",CA,94061
1399225,,,,No Buyer's Premium,,818 SYLVANDALE AVE,"SAN JOSE, CA 95111, Santa Clara County","Nov 13, 9:00am","Foreclosure Sale, In Person",2,4,,,,,,,,,,,,,,,,,,,Save,"1,220",2019-11-13,SAN JOSE, Santa Clara,Est. Resale Value:,"$648,000",Est. Credit Bid:,–,Opening Bid:,"$570,000",CA,95111
2786493,,,,No Buyer's Premium,,433 ARLETA AVE,"SAN JOSE, CA 95128, Santa Clara County","Oct 02, 9:00am","Foreclosure Sale, In Person",2,3,,,,,,,,,,,,,,,,,,,Save,"1,436",2019-10-02,SAN JOSE, Santa Clara,Est. Resale Value:,"$1,133,000",Est. Credit Bid:,–,Opening Bid:,"$85,000",CA,95128
1434307,,,,No Buyer's Premium,,831 BREVINS LOOP,"SAN JOSE, CA 95125, Santa Clara County","Dec 11, 9:00am","Foreclosure Sale, In Person",2.5,5,,,,,,,,,,,,,,,,,,,Save,"2,654",2019-12-11,SAN JOSE, Santa Clara,Est. Resale Value:,"$1,614,000",Est. Credit Bid:,–,Opening Bid:,"$900,000",CA,95125
2702801,,,,No Buyer's Premium,,5893 EMBEE DRIVE,"SAN JOSE, CA 95123, Santa Clara County","Sep 18, 9:00am","Foreclosure Sale, In Person",2,4,,,,,,,,,,,,,,,,,,,Save,"2,008",2019-09-18,SAN JOSE, Santa Clara,Est. Resale Value:,"$1,116,000",Est. Credit Bid:,–,Opening Bid:,"$400,000",CA,95123
2652376,,,,No Buyer's Premium,,2778 SCOTTSDALE DRIVE,"SAN JOSE, CA 95148, Santa Clara County","Sep 18, 9:00am","Foreclosure Sale, In Person",2,3,,,,,,,,,,,,,,,,,,,Save,"1,320",2019-09-18,SAN JOSE, Santa Clara,Est. Resale Value:,"$836,000",Est. Credit Bid:,–,Opening Bid:,"$610,000",CA,95148
2829022,,,,No Buyer's Premium,,1966 MERIDIAN AVENUE,"SAN JOSE, CA 95125, Santa Clara County","Sep 18, 9:00am","Foreclosure Sale, In Person",2,3,HOT,,,,,,,,,,,,,,,,,,Save,"1,953",2019-09-18,SAN JOSE, Santa Clara,Est. Resale Value:,"$1,556,000",Est. Credit Bid:,–,Opening Bid:,"$780,000",CA,95125
2836959,,,,No Buyer's Premium,,3652 SLOPEVIEW DR,"SAN JOSE, CA 95148, Santa Clara County","Sep 18, Time TBD","Foreclosure Sale, In Person",2.5,4,,,,,,,,,,,,,,,,,,,Save,"2,124",2019-09-18,SAN JOSE, Santa Clara,Est. Resale Value:,"$1,505,000",Est. Credit Bid:,–,Opening Bid:,–,CA,95148
2769889,,,,No Buyer's Premium,,2552 AMETHYST DR,"SANTA CLARA, CA 95051, Santa Clara County","Oct 02, 9:00am","Foreclosure Sale, In Person",2,4,HOT,,,,,,,,,,,,,,,,,,Save,"1,715",2019-10-02,SANTA CLARA, Santa Clara,Est. Resale Value:,"$1,605,000",Est. Credit Bid:,–,Opening Bid:,"$230,000",CA,95051
2805989,,,,No Buyer's Premium,,3305 HICKERSON DR,"SAN JOSE, CA 95127, Santa Clara County","Sep 04, Time TBD","Foreclosure Sale, In Person",2.5,3,,,,,,,,,,,,,,,,,,,Save,"1,447",2019-09-04,SAN JOSE, Santa Clara,Est. Resale Value:,"$935,000",Est. Credit Bid:,–,Opening Bid:,–,CA,95127
2805990,,,,No Buyer's Premium,,2410 MADDEN TER,"SAN JOSE, CA 95116, Santa Clara County","Sep 11, Time TBD","Foreclosure Sale, In Person",2,2,,,,,,,,,,,,,,,,,,,Save,"1,118",2019-09-11,SAN JOSE, Santa Clara,Est. Resale Value:,"$719,000",Est. Credit Bid:,–,Opening Bid:,–,CA,95116
2502895,,,,No Buyer's Premium,,2798 PLUMAS DRIVE,"SAN JOSE, CA 95121, Santa Clara County","Nov 13, 9:00am","Foreclosure Sale, In Person",2,4,HOT,,,,,,,,,,,,,,,,,,Save,"1,618",2019-11-13,SAN JOSE, Santa Clara,Est. Resale Value:,–,Est. Credit Bid:,–,Opening Bid:,"$560,000",CA,95121
2791151,,,,No Buyer's Premium,,1574 WILLOWMONT AVE,"SAN JOSE, CA 95118, Santa Clara County","Sep 13, 10:00am","Foreclosure Sale, In Person",1.5,3,,,,,,,,,,,,,,,,,,,Save,"1,600",2019-09-13,SAN JOSE, Santa Clara,Est. Resale Value:,"$1,520,000",Est. Credit Bid:,–,Opening Bid:,–,CA,95118
2786799,,,,No Buyer's Premium,,1719 OLD PIEDMONT ROAD,"SAN JOSE, CA 95132, Santa Clara County","Sep 18, 9:00am","Foreclosure Sale, In Person",2,3,HOT,,,,,,,,,,,,,,,,,,Save,"1,577",2019-09-18,SAN JOSE, Santa Clara,Est. Resale Value:,"$1,311,000",Est. Credit Bid:,–,Opening Bid:,"$620,000",CA,95132
2818548,,,,No Buyer's Premium,,3166 ISADORA DRIVE,"SAN JOSE, CA 95132, Santa Clara County","Sep 18, 9:00am","Foreclosure Sale, In Person",2,4,HOT,,,,,,,,,,,,,,,,,,Save,"1,778",2019-09-18,SAN JOSE, Santa Clara,Est. Resale Value:,"$1,262,000",Est. Credit Bid:,–,Opening Bid:,"$650,000",CA,95132
2822389,,,,No Buyer's Premium,,333 37TH AVENUE,"SAN MATEO, CA 94403, San Mateo County","Sep 18, 1:00pm","Foreclosure Sale, In Person",2,3,HOT,,,,,,,,,,,,,,,,,,Save,"1,620",2019-09-18,SAN MATEO, San Mateo,Est. Resale Value:,"$1,619,000",Est. Credit Bid:,–,Opening Bid:,"$231,091.73",CA,94403
2841950,,,Newly Listed,No Buyer's Premium,,19424 HATHAWAY AVENUE,"HAYWARD, CA 94541, Alameda County","Sep 26, 9:00am","Foreclosure Sale, In Person",1,3,,,,,,,,,,,,,,,,,,,Save,"1,182",,,,Est. Resale Value:,"$723,000",Est. Credit Bid:,–,Opening Bid:,–,,
1388080,,,Newly Listed,No Buyer's Premium,,7080 SAYRE DRIVE,"OAKLAND, CA 94611, Alameda County","Sep 26, 9:00am","Foreclosure Sale, In Person",2,2,,,,,,,,,,,,,,,,,,,Save,"1,376",,,,Est. Resale Value:,"$938,000",Est. Credit Bid:,–,Opening Bid:,–,,
2837128,,,Newly Listed,No Buyer's Premium,,22523 NORTHVIEW DRIVE,"HAYWARD, CA 94541, Alameda County","Sep 26, 9:00am","Foreclosure Sale, In Person",2,3,,,,,,,,,,,,,,,,,,,Save,"1,284",,,,Est. Resale Value:,"$788,000",Est. Credit Bid:,–,Opening Bid:,–,,
2834874,,,Newly Listed,No Buyer's Premium,,9613 ARMSTRONG DR,"OAKLAND, CA 94603, Alameda County","Sep 26, 9:00am","Foreclosure Sale, In Person",2.5,3,,,,,,,,,,,,,,,,,,,Save,"1,414",,,,Est. Resale Value:,"$660,000",Est. Credit Bid:,–,Opening Bid:,"$460,000",,
2837869,,,Newly Listed,No Buyer's Premium,,6702 SOUTH MARIPOSA LANE,"DUBLIN, CA 94568, Alameda County","Sep 26, 9:00am","Foreclosure Sale, In Person",2.5,3,,,,,,,,,,,,,,,,,,,Save,"1,727",,,,Est. Resale Value:,"$905,000",Est. Credit Bid:,–,Opening Bid:,–,,
2841275,,,,No Buyer's Premium,,2706 BLAKELY LANE,"FAIRFIELD, CA 94533, Solano County","Sep 25, 9:00am","Foreclosure Sale, In Person",2.5,3,,,,,,,,,,,,,,,,,,,Save,"1,812",,,,Est. Resale Value:,"$518,000",Est. Credit Bid:,–,Opening Bid:,–,,
2839792,,,,No Buyer's Premium,,528 PALM AVE,"MARTINEZ, CA 94553, Contra Costa County","Sep 25, Time TBD","Foreclosure Sale, In Person",2,2,HOT,,,,,,,,,,,,,,,,,,Save,"1,279",,,,Est. Resale Value:,"$622,000",Est. Credit Bid:,–,Opening Bid:,–,,
2834873,,,,No Buyer's Premium,,2130 GRIFFIN DRIVE,"VALLEJO, CA 94589, Solano County","Sep 25, 9:00am","Foreclosure Sale, In Person",1,3,,,,,,,,,,,,,,,,,,,Save,"1,063",,,,Est. Resale Value:,"$394,000",Est. Credit Bid:,–,Opening Bid:,"$225,000",,
2834872,,,,No Buyer's Premium,,156 JORDAN STREET,"VALLEJO, CA 94591, Solano County","Sep 25, 9:00am","Foreclosure Sale, In Person",1,3,HOT,,,,,,,,,,,,,,,,,,Save,"1,092",,,,Est. Resale Value:,"$382,000",Est. Credit Bid:,–,Opening Bid:,–,,
2840447,,,,No Buyer's Premium,,136 BRENNER,"HERCULES, CA 94547, Contra Costa County","Sep 24, 9:00am","Foreclosure Sale, In Person",3,4,,,,,,,,,,,,,,,,,,,Save,"1,538",,,,Est. Resale Value:,"$568,000",Est. Credit Bid:,–,Opening Bid:,–,,
2832563,,,,No Buyer's Premium,,2818 HEINEMANN DR,"VALLEY SPRINGS, CA 95252, Calaveras County","Sep 24, 10:00am","Foreclosure Sale, In Person",2,3,HOT,,,,,,,,,,,,,,,,,,Save,"1,504",,,,Est. Resale Value:,"$324,000",Est. Credit Bid:,–,Opening Bid:,"$235,000",,
2832785,,,,No Buyer's Premium,,4418 CANOE BIRCH COURT,"CONCORD, CA 94521, Contra Costa County","Sep 24, 9:00am","Foreclosure Sale, In Person",2,4,,,,,,,,,,,,,,,,,,,Save,"1,567",,,,Est. Resale Value:,"$815,000",Est. Credit Bid:,–,Opening Bid:,–,,
2834842,,,,No Buyer's Premium,,1233 POPLAR DRIVE,"OAKLEY, CA 94561, Contra Costa County","Sep 24, 9:00am","Foreclosure Sale, In Person",3,4,,,,,,,,,,,,,,,,,,,Save,"3,744",,,,Est. Resale Value:,"$723,000",Est. Credit Bid:,–,Opening Bid:,"$470,000",,
2837891,,,,No Buyer's Premium,,408 LOTUS CT,"BRENTWOOD, CA 94513, Contra Costa County","Sep 24, 9:00am","Foreclosure Sale, In Person",3,4,,,,,,,,,,,,,,,,,,,Save,"3,146",,,,Est. Resale Value:,"$812,000",Est. Credit Bid:,–,Opening Bid:,–,,
2838640,,,,No Buyer's Premium,,1421 COALINGA AVENUE,"RICHMOND, CA 94801, Contra Costa County","Sep 24, 9:00am","Foreclosure Sale, In Person",1,2,HOT,,,,,,,,,,,,,,,,,,Save,838,,,,Est. Resale Value:,"$490,000",Est. Credit Bid:,–,Opening Bid:,–,,
2824815,,,,No Buyer's Premium,,167 W C STREET,"GALT, CA 95632, Sacramento County","Sep 24, 9:00am","Foreclosure Sale, In Person",2,3,,,,,,,,,,,,,,,,,,,Save,"1,733",,,,Est. Resale Value:,"$414,000",Est. Credit Bid:,–,Opening Bid:,–,,
2835648,,,,No Buyer's Premium,,10244 STATHOS DRIVE,"ELK GROVE, CA 95757, Sacramento County","Sep 24, 9:00am","Foreclosure Sale, In Person",3,5,,,,,,,,,,,,,,,,,,,Save,"2,832",,,,Est. Resale Value:,"$593,000",Est. Credit Bid:,–,Opening Bid:,"$400,000",,
2835649,,,,No Buyer's Premium,,5356 THUNDERBIRD CT,"ANTIOCH, CA 94531, Contra Costa County","Sep 24, 9:00am","Foreclosure Sale, In Person",2.5,4,,,,,,,,,,,,,,,,,,,Save,"2,422",,,,Est. Resale Value:,"$660,000",Est. Credit Bid:,–,Opening Bid:,"$460,000",,
2837870,,,,No Buyer's Premium,,1288 PINE CREEK H,"CONCORD, CA 94520, Contra Costa County","Sep 24, 9:00am","Foreclosure Sale, In Person",1.5,2,,,,,,,,,,,,,,,,,,,Save,"1,089",,,,Est. Resale Value:,"$399,000",Est. Credit Bid:,–,Opening Bid:,–,,
2837892,,,,No Buyer's Premium,,3562 LISCOME WAY,"CONCORD, CA 94518, Contra Costa County","Sep 24, 9:00am","Foreclosure Sale, In Person",2.5,3,,,,,,,,,,,,,,,,,,,Save,"2,004",,,,Est. Resale Value:,"$950,000",Est. Credit Bid:,–,Opening Bid:,–,,
2838647,,,,No Buyer's Premium,,1221 ENVIEW CT,"STOCKTON, CA 95210, San Joaquin County","Sep 19, 9:00am","Foreclosure Sale, In Person",2,2,,,,,,,,,,,,,,,,,,,Save,"1,422",,,,Est. Resale Value:,"$288,000",Est. Credit Bid:,–,Opening Bid:,–,,
2833046,,,,No Buyer's Premium,,807 LIMESTONE AVENUE,"LATHROP, CA 95330, San Joaquin County","Sep 19, 9:00am","Foreclosure Sale, In Person",2,4,,,,,,,,,,,,,,,,,,,Save,"1,528",,,,Est. Resale Value:,"$446,000",Est. Credit Bid:,–,Opening Bid:,"$240,000",,
2819183,,,,No Buyer's Premium,,1638 UNION LN,"TRACY, CA 95377, San Joaquin County","Sep 19, 9:00am","Foreclosure Sale, In Person",3,3,,,,,,,,,,,,,,,,,,,Save,"1,599",,,,Est. Resale Value:,"$512,000",Est. Credit Bid:,–,Opening Bid:,"$365,000",,
2832560,,,,No Buyer's Premium,,2445 W DEL RIO DRIVE,"STOCKTON, CA 95204, San Joaquin County","Sep 19, 9:00am","Foreclosure Sale, In Person",1,3,HOT,,,,,,,,,,,,,,,,,,Save,"1,325",,,,Est. Resale Value:,"$349,000",Est. Credit Bid:,–,Opening Bid:,"$160,000",,
2827324,,,,No Buyer's Premium,,2619 COURTNEY WAY,"STOCKTON, CA 95210, San Joaquin County","Sep 19, 9:00am","Foreclosure Sale, In Person",2,2,,,,,,,,,,,,,,,,,,,Save,"1,182",,,,Est. Resale Value:,"$282,000",Est. Credit Bid:,–,Opening Bid:,"$160,000",,
2837364,,,,No Buyer's Premium,,"10573 E ADA AVE STOCKTON, CALIFORNIA 95215-1745 AKA 10573 E ADA AVE UNINCORPORATED - COUNTY OF SAN JOAQUIN, CA 95215-1703","STOCKTON, CA 95215, San Joaquin County","Sep 19, 9:00am","Foreclosure Sale, In Person",–,–,,,,,,,,,,,,,,,,,,,Save,–,,,,Est. Resale Value:,"$464,000",Est. Credit Bid:,–,Opening Bid:,–,,
2831185,,,,No Buyer's Premium,,1776 EMMA WAY,"PETALUMA, CA 94954, Sonoma County","Oct 31, 1:00pm","Foreclosure Sale, In Person",3,4,,,,,,,,,,,,,,,,,,,Save,"1,472",,,,Est. Resale Value:,"$682,000",Est. Credit Bid:,–,Opening Bid:,"$255,000",,
2835678,,,,No Buyer's Premium,,1029 WEST OAK STREET,"STOCKTON, CA 95203, San Joaquin County","Sep 19, 9:00am","Foreclosure Sale, In Person",1,2,,,,,,,,,,,,,,,,,,,Save,999,,,,Est. Resale Value:,"$285,000",Est. Credit Bid:,–,Opening Bid:,"$185,000",,
2831244,,,,No Buyer's Premium,,713 ALICANTE DR,"LODI, CA 95240, San Joaquin County","Sep 19, 9:00am","Foreclosure Sale, In Person",2,2,,,,,,,,,,,,,,,,,,,Save,"1,028",,,,Est. Resale Value:,"$384,000",Est. Credit Bid:,–,Opening Bid:,"$160,000",,
2834844,,,,No Buyer's Premium,,8700 EASTWOOD CRT,"STOCKTON, CA 95209, San Joaquin County","Sep 19, 9:00am","Foreclosure Sale, In Person",2,3,,,,,,,,,,,,,,,,,,,Save,"1,519",,,,Est. Resale Value:,"$358,000",Est. Credit Bid:,–,Opening Bid:,"$180,000",,
2834848,,,,No Buyer's Premium,,2923 DALL SHEEP LN,"SANTA ROSA, CA 95407, Sonoma County","Sep 19, 1:00pm","Foreclosure Sale, In Person",3,3,HOT,,,,,,,,,,,,,,,,,,Save,"1,299",,,,Est. Resale Value:,"$612,000",Est. Credit Bid:,–,Opening Bid:,"$205,000",,
2838629,,,,No Buyer's Premium,,2817 BELLFLOWER DR,"ANTIOCH, CA 94531, Contra Costa County","Nov 04, 9:00am","Foreclosure Sale, In Person",2,4,,,,,,,,,,,,,,,,,,,Save,"2,083",,,,Est. Resale Value:,"$567,000",Est. Credit Bid:,–,Opening Bid:,–,,
2834798,,,,No Buyer's Premium,,4209 PENINSULA DR,"MODESTO, CA 95356, Stanislaus County","Sep 18, 9:00am","Foreclosure Sale, In Person",4,5,,,,,,,,,,,,,,,,,,,Save,"3,497",,,,Est. Resale Value:,"$545,000",Est. Credit Bid:,–,Opening Bid:,"$360,000",,
2812515,,,,No Buyer's Premium,,2323 VAN GOGH LN,"STOCKTON, CA 95206, San Joaquin County","Sep 16, Time TBD","Foreclosure Sale, In Person",3,4,,,,,,,,,,,,,,,,,,,Save,"3,153",,,,Est. Resale Value:,"$494,000",Est. Credit Bid:,–,Opening Bid:,–,,
2833179,,,,No Buyer's Premium,,4405 AMADOR PL,"STOCKTON, CA 95207, San Joaquin County","Sep 16, Time TBD","Foreclosure Sale, In Person",2,3,,,,,,,,,,,,,,,,,,,Save,"1,421",,,,Est. Resale Value:,"$317,000",Est. Credit Bid:,–,Opening Bid:,–,,
2829820,,,,No Buyer's Premium,,4000 FARA BIUNDO DR. APT. 35,"MODESTO, CA 95355, Stanislaus County","Oct 30, 9:00am","Foreclosure Sale, In Person",2,2,,,,,,,,,,,,,,,,,,,Save,912,,,,Est. Resale Value:,"$210,000",Est. Credit Bid:,–,Opening Bid:,"$105,000",,
2837068,,,,No Buyer's Premium,,10314 SUNNYSIDE STREET,"OAKLAND, CA 94603, Alameda County","Sep 12, 9:00am","Foreclosure Sale, In Person",1,2,,,,,,,,,,,,,,,,,,,Save,839,,,,Est. Resale Value:,"$481,000",Est. Credit Bid:,–,Opening Bid:,–,,
2835667,,,,No Buyer's Premium,,24780 FAIRVIEW AVE,"HAYWARD, CA 94542, Alameda County","Oct 24, 9:00am","Foreclosure Sale, In Person",1,2,,,,,,,,,,,,,,,,,,,Save,808,,,,Est. Resale Value:,–,Est. Credit Bid:,–,Opening Bid:,"$260,000",,
2822014,,,,No Buyer's Premium,,1230 50TH AVENUE,"OAKLAND, CA 94601, Alameda County","Oct 24, 9:00am","Foreclosure Sale, In Person",1,2,,,,,,,,,,,,,,,,,,,Save,595,,,,Est. Resale Value:,"$428,000",Est. Credit Bid:,–,Opening Bid:,–,,
2824105,,,,No Buyer's Premium,,950 CRAGMONT AVENUE,"BERKELEY, CA 94708, Alameda County","Sep 12, 9:00am","Foreclosure Sale, In Person",2,1,HOT,,,,,,,,,,,,,,,,,,Save,"1,976",,,,Est. Resale Value:,"$1,745,000",Est. Credit Bid:,–,Opening Bid:,"$466,454.90",,
2830622,,,,No Buyer's Premium,,126 TRENTON CIR,"PLEASANTON, CA 94566, Alameda County","Sep 12, 9:00am","Foreclosure Sale, In Person",2.5,4,,,,,,,,,,,,,,,,,,,Save,"1,620",,,,Est. Resale Value:,"$1,157,000",Est. Credit Bid:,–,Opening Bid:,"$430,000",,
2824490,,,,No Buyer's Premium,,1257 GEORGE CIRCLE,"HAYWARD, CA 94541, Alameda County","Sep 12, 9:00am","Foreclosure Sale, In Person",3,3,,,,,,,,,,,,,,,,,,,Save,"1,982",,,,Est. Resale Value:,"$901,000",Est. Credit Bid:,–,Opening Bid:,–,,
2828998,,,,No Buyer's Premium,,4158 AQUARIUS CIR,"UNION CITY, CA 94587, Alameda County","Sep 12, 9:00am","Foreclosure Sale, In Person",1.5,4,,,,,,,,,,,,,,,,,,,Save,"1,342",,,,Est. Resale Value:,"$686,000",Est. Credit Bid:,–,Opening Bid:,"$195,000",,
2824104,,,,No Buyer's Premium,,6625 HILLMONT DR,"OAKLAND, CA 94605, Alameda County","Sep 12, 9:00am","Foreclosure Sale, In Person",1.5,1,HOT,,,,,,,,,,,,,,,,,,Save,957,,,,Est. Resale Value:,"$710,000",Est. Credit Bid:,–,Opening Bid:,"$200,000",,
2827312,,,,No Buyer's Premium,,1366 TROJAN AVENUE,"SAN LEANDRO, CA 94579, Alameda County","Sep 12, 9:00am","Foreclosure Sale, In Person",1,3,,,,,,,,,,,,,,,,,,,Save,"1,241",,,,Est. Resale Value:,"$777,000",Est. Credit Bid:,–,Opening Bid:,–,,
2831187,,,,No Buyer's Premium,,1782 REVERE AVENUE,"SAN FRANCISCO, CA 94124, San Francisco County","Sep 11, 9:00am","Foreclosure Sale, In Person",1,2,HOT,,,,,,,,,,,,,,,,,,Save,"1,075",,,,Est. Resale Value:,"$1,194,000",Est. Credit Bid:,–,Opening Bid:,"$215,000",,
2831188,,,,No Buyer's Premium,,1424 COUPLES CIRCLE,"FAIRFIELD, CA 94533, Solano County","Sep 11, 9:00am","Foreclosure Sale, In Person",4,5,HOT,,,,,,,,,,,,,,,,,,Save,"3,477",,,,Est. Resale Value:,"$872,000",Est. Credit Bid:,–,Opening Bid:,"$285,000",,
2828371,,,,"
",,4110 DRY CREEK ROAD,"NAPA, CA 94558, Napa County","Sep 11, 1:00pm","Foreclosure Sale, In Person",–,–,,,,,,,,,,,,,,,,,,,Save,–,,,,Est. Resale Value:,–,Est. Credit Bid:,–,Opening Bid:,"$5,950,000",,
2829026,,,,No Buyer's Premium,,718 SPRINGS RD,"VALLEJO, CA 94590, Solano County","Sep 11, 9:00am","Foreclosure Sale, In Person",1,2,,,,,,,,,,,,,,,,,,,Save,"1,096",,,,Est. Resale Value:,"$358,000",Est. Credit Bid:,–,Opening Bid:,"$250,000",,
2829029,,,,No Buyer's Premium,,153 CAMINO DEL SOL,"VALLEJO, CA 94591, Solano County","Sep 11, 9:00am","Foreclosure Sale, In Person",2.5,4,,,,,,,,,,,,,,,,,,,Save,"2,306",,,,Est. Resale Value:,"$663,000",Est. Credit Bid:,–,Opening Bid:,"$395,000",,
2823464,,,,No Buyer's Premium,,125 DE PAUL DR,"VALLEJO, CA 94589, Solano County","Sep 11, 9:00am","Foreclosure Sale, In Person",2,3,,,,,,,,,,,,,,,,,,,Save,"1,320",,,,Est. Resale Value:,"$451,000",Est. Credit Bid:,–,Opening Bid:,–,,
2824493,,,,No Buyer's Premium,,2131 FALCON DRIVE,"FAIRFIELD, CA 94533, Solano County","Sep 11, 9:00am","Foreclosure Sale, In Person",2,3,HOT,,,,,,,,,,,,,,,,,,Save,"1,156",,,,Est. Resale Value:,"$412,000",Est. Credit Bid:,–,Opening Bid:,"$250,000",,
2827531,,,,No Buyer's Premium,,5715 JACKSON CRT,"IONE, CA 95640, Amador County","Sep 10, 12:00pm","Foreclosure Sale, In Person",2,3,,,,,,,,,,,,,,,,,,,Save,"1,440",,,,Est. Resale Value:,–,Est. Credit Bid:,–,Opening Bid:,"$120,000",,
2827311,,,,No Buyer's Premium,,2500 BUENA VISTA RD,"IONE, CA 95640, Amador County","Sep 10, 12:00pm","Foreclosure Sale, In Person",1,2,HOT,,,,,,,,,,,,,,,,,,Save,"2,048",,,,Est. Resale Value:,–,Est. Credit Bid:,–,Opening Bid:,"$175,000",,
2830775,,,,No Buyer's Premium,,2631 SIMAS AVE,"PINOLE, CA 94564, Contra Costa County","Sep 10, 9:00am","Foreclosure Sale, In Person",2,3,,,,,,,,,,,,,,,,,,,Save,"1,536",,,,Est. Resale Value:,"$716,000",Est. Credit Bid:,–,Opening Bid:,"$45,000",,
2832776,,,,No Buyer's Premium,,181 CLYDESDALE DRIVE,"DANVILLE, CA 94526, Contra Costa County","Nov 19, 9:00am","Foreclosure Sale, In Person",2.5,3,,,,,,,,,,,,,,,,,,,Save,"1,577",,,,Est. Resale Value:,"$1,264,000",Est. Credit Bid:,–,Opening Bid:,–,,
2828996,,,,No Buyer's Premium,,3221 SOUTH RIDGE DR,"RICHMOND, CA 94806, Contra Costa County","Nov 19, 9:00am","Foreclosure Sale, In Person",2.5,4,,,,,,,,,,,,,,,,,,,Save,"2,516",,,,Est. Resale Value:,"$676,000",Est. Credit Bid:,–,Opening Bid:,"$125,000",,
2828920,,,,No Buyer's Premium,,4517 FALL AVENUE,"RICHMOND, CA 94804, Contra Costa County","Dec 17, 9:00am","Foreclosure Sale, In Person",2,3,,,,,,,,,,,,,,,,,,,Save,"1,778",,,,Est. Resale Value:,"$741,000",Est. Credit Bid:,–,Opening Bid:,"$225,000",,
2821809,,,,No Buyer's Premium,,1729 TERRA VISTA LANE,"STOCKTON, CA 95206, San Joaquin County","Sep 19, 9:00am","Foreclosure Sale, In Person",3,4,,,,,,,,,,,,,,,,,,,Save,"1,680",,,,Est. Resale Value:,"$360,000",Est. Credit Bid:,–,Opening Bid:,"$80,000",,
2824500,,,,No Buyer's Premium,,89 MUIRWOOD DR,"DALY CITY, CA 94014, San Mateo County","Oct 30, 1:00pm","Foreclosure Sale, In Person",2,3,,,,,,,,,,,,,,,,,,,Save,"1,340",,,,Est. Resale Value:,"$1,032,000",Est. Credit Bid:,–,Opening Bid:,"$580,000",,
2828921,,,,No Buyer's Premium,,199 VISTA GRANDE AVENUE,"DALY CITY, CA 94014, San Mateo County","Oct 16, 1:00pm","Foreclosure Sale, In Person",2,2,,,,,,,,,,,,,,,,,,,Save,"1,130",,,,Est. Resale Value:,"$1,019,000",Est. Credit Bid:,–,Opening Bid:,"$295,000",,
2831434,,,,No Buyer's Premium,,4089 S ANCHOR CT,"BYRON, CA 94505, Contra Costa County","Sep 19, Time TBD","Foreclosure Sale, In Person",2.5,4,,,,,,,,,,,,,,,,,,,Save,"2,043",,,,Est. Resale Value:,"$568,000",Est. Credit Bid:,–,Opening Bid:,–,,
2831168,,,,No Buyer's Premium,,711 SUMMER LANE,"RICHMOND, CA 94806, Contra Costa County","Dec 02, 9:00am","Foreclosure Sale, In Person",3.5,4,,,,,,,,,,,,,,,,,,,Save,"2,203",,,,Est. Resale Value:,"$651,000",Est. Credit Bid:,–,Opening Bid:,"$288,905.38",,
2821924,,,,No Buyer's Premium,,446 GREENBRIER COURT,"BENICIA, CA 94510, Solano County","Oct 09, 9:00am","Foreclosure Sale, In Person",2,2,HOT,,,,,,,,,,,,,,,,,,Save,"1,090",,,,Est. Resale Value:,"$575,000",Est. Credit Bid:,–,Opening Bid:,"$265,000",,
2823463,,,,No Buyer's Premium,,237 CURTIS DRIVE,"VALLEJO, CA 94591, Solano County","Oct 09, 9:00am","Foreclosure Sale, In Person",2,4,HOT,,,,,,,,,,,,,,,,,,Save,"1,480",,,,Est. Resale Value:,"$489,000",Est. Credit Bid:,–,Opening Bid:,"$190,000",,
2814619,,,,No Buyer's Premium,,120 WINDWALKER WAY,"NOVATO, CA 94945, Marin County","Nov 06, 1:00pm","Foreclosure Sale, In Person",3.5,4,,,,,,,,,,,,,,,,,,,Save,"3,666",,,,Est. Resale Value:,"$1,884,000",Est. Credit Bid:,–,Opening Bid:,"$295,000",,
2811539,,,,No Buyer's Premium,,508 ARCH STREET,"MARTINEZ, CA 94553, Contra Costa County","Nov 19, 9:00am","Foreclosure Sale, In Person",1,2,,,,,,,,,,,,,,,,,,,Save,954,,,,Est. Resale Value:,"$542,000",Est. Credit Bid:,–,Opening Bid:,"$145,000",,
2823389,,,,No Buyer's Premium,,4417 MARE CT,"ANTIOCH, CA 94531, Contra Costa County","Oct 22, 9:00am","Foreclosure Sale, In Person",2,3,,,,,,,,,,,,,,,,,,,Save,"2,038",,,,Est. Resale Value:,"$555,000",Est. Credit Bid:,–,Opening Bid:,–,,
2819188,,,,No Buyer's Premium,,201 FAHMY STREET,"BRENTWOOD, CA 94513, Contra Costa County","Sep 24, 9:00am","Foreclosure Sale, In Person",3,6,,,,,,,,,,,,,,,,,,,Save,"3,290",,,,Est. Resale Value:,"$776,000",Est. Credit Bid:,–,Opening Bid:,"$430,000",,
2819885,,,,No Buyer's Premium,,28 EDGEMONT CIR,"WALNUT CREEK, CA 94596, Contra Costa County","Sep 24, 9:00am","Foreclosure Sale, In Person",3,5,,,,,,,,,,,,,,,,,,,Save,"2,672",,,,Est. Resale Value:,"$1,684,000",Est. Credit Bid:,–,Opening Bid:,"$560,000",,
2822387,,,,No Buyer's Premium,,19 ALAMO SPRINGS COURT,"DANVILLE, CA 94526, Contra Costa County","Oct 08, 9:00am","Foreclosure Sale, In Person",6,5,HOT,,,,,,,,,,,,,,,,,,Save,"6,815",,,,Est. Resale Value:,"$3,761,000",Est. Credit Bid:,–,Opening Bid:,"$2,550,000",,
2815916,Broker Commission Available,,,,,871 SWAN DR,"MANTECA, CA 95337, San Joaquin County",Sep 16 - 18,"Bank Owned, Online",2,3,,,,,,,,,,,,,,,,,,,Save,"1,887",,,,Est. Resale Value:,"$494,000",Reserve:,–,Opening Bid:,"$150,000",,
2817715,,,,No Buyer's Premium,,720 PETALUMA BLVD S APT 49,"PETALUMA, CA 94952, Sonoma County","Oct 31, 1:00pm","Foreclosure Sale, In Person",1,1,,,,,,,,,,,,,,,,,,,Save,560,,,,Est. Resale Value:,"$324,000",Est. Credit Bid:,–,Opening Bid:,"$185,000",,
2818385,,,,No Buyer's Premium,,8314 TAM O' SHANTER DRIVE,"STOCKTON, CA 95210, San Joaquin County","Sep 19, 9:00am","Foreclosure Sale, In Person",2,3,,,,,,,,,,,,,,,,,,,Save,"1,448",,,,Est. Resale Value:,"$277,000",Est. Credit Bid:,–,Opening Bid:,"$175,000",,
2823368,,,,No Buyer's Premium,,4466 TWIN CREEKS LANE,"TRACY, CA 95377, San Joaquin County","Oct 31, 9:00am","Foreclosure Sale, In Person",3,3,HOT,,,,,,,,,,,,,,,,,,Save,"1,972",,,,Est. Resale Value:,"$587,000",Est. Credit Bid:,–,Opening Bid:,"$365,000",,
2808325,,,,No Buyer's Premium,,10331 LOMBARD COURT,"Stockton, CA 95209, San Joaquin County",Sep 22 - 24,"Bank Owned, Online",2.5,4,,,,,,,,,,,,,,,,,,,Save,"1,600",,,,Est. Resale Value:,"$386,000",Reserve:,–,Opening Bid:,"$125,000",,
2822988,,,,No Buyer's Premium,,487 ALHAMBRA ROAD,"SOUTH SAN FRANCISCO, CA 94080, San Mateo County","Oct 30, 1:00pm","Foreclosure Sale, In Person",1,3,HOT,,,,,,,,,,,,,,,,,,Save,"1,160",,,,Est. Resale Value:,"$1,281,000",Est. Credit Bid:,–,Opening Bid:,"$570,000",,
2815565,,,,No Buyer's Premium,,1644 WINTHROP LN,"CERES, CA 95307, Stanislaus County","Sep 18, 9:00am","Foreclosure Sale, In Person",3,3,,,,,,,,,,,,,,,,,,,Save,"1,443",,,,Est. Resale Value:,"$326,000",Est. Credit Bid:,–,Opening Bid:,"$180,000",,
2815316,,,,No Buyer's Premium,,330 PARKVIEW TERRACE #201,"OAKLAND, CA 94610, Alameda County","Sep 26, 9:00am","Foreclosure Sale, In Person",2,2,HOT,,,,,,,,,,,,,,,,,,Save,"1,330",,,,Est. Resale Value:,"$800,000",Est. Credit Bid:,–,Opening Bid:,"$50,000",,
2820932,,,,No Buyer's Premium,,1516 LOUISIANA STREET A,"VALLEJO, CA 94590, Solano County","Nov 06, 9:00am","Foreclosure Sale, In Person",1,3,,,,,,,,,,,,,,,,,,,Save,"1,170",,,,Est. Resale Value:,"$575,000",Est. Credit Bid:,–,Opening Bid:,"$65,000",,
2814769,,,,No Buyer's Premium,,1105 WILLOW LANE,"FAIRFIELD, CA 94533, Solano County","Oct 09, 9:00am","Foreclosure Sale, In Person",3,4,HOT,,,,,,,,,,,,,,,,,,Save,"1,950",,,,Est. Resale Value:,"$543,000",Est. Credit Bid:,–,Opening Bid:,"$335,000",,
2815907,,,,No Buyer's Premium,,105 HUGH ST,"VALLEJO, CA 94591, Solano County","Sep 11, 9:00am","Foreclosure Sale, In Person",2,4,,,,,,,,,,,,,,,,,,,Save,"1,844",,,,Est. Resale Value:,"$469,000",Est. Credit Bid:,–,Opening Bid:,"$315,000",,
2820523,,,,No Buyer's Premium,,2637 74TH AVENUE,"Oakland, CA 94605, Alameda County",Sep 10 - 12,"Bank Owned, Online",1,2,,,,,,,,,,,,,,,,,,,Saved,748,,,,Est. Resale Value:,"$578,000",Reserve:,–,Opening Bid:,"$150,000",,
2813015,,,,No Buyer's Premium,,4848 MORWOOD DR,"RICHMOND, CA 94803, Contra Costa County","Sep 24, 9:00am","Foreclosure Sale, In Person",2,3,HOT,,,,,,,,,,,,,,,,,,Save,"1,360",,,,Est. Resale Value:,"$736,000",Est. Credit Bid:,–,Opening Bid:,"$530,000",,
2815134,,,,No Buyer's Premium,,1815 KAGEHIRO DR,"TRACY, CA 95376, San Joaquin County","Sep 13, Time TBD","Foreclosure Sale, In Person",5,4,,,,,,,,,,,,,,,,,,,Save,"4,472",,,,Est. Resale Value:,"$926,000",Est. Credit Bid:,–,Opening Bid:,–,,
2809501,,,,No Buyer's Premium,,13480 BROOKWOOD WAY,"LATHROP, CA 95330, San Joaquin County","Sep 19, 9:00am","Foreclosure Sale, In Person",2,3,,,,,,,,,,,,,,,,,,,Save,"1,364",,,,Est. Resale Value:,"$425,000",Est. Credit Bid:,–,Opening Bid:,"$285,000",,
2815779,,,,No Buyer's Premium,,213 RIVERBEND LN,"WATERFORD, CA 95386, Stanislaus County","Sep 18, 9:00am","Foreclosure Sale, In Person",3,4,,,,,,,,,,,,,,,,,,,Save,"2,541",,,,Est. Resale Value:,"$430,000",Est. Credit Bid:,–,Opening Bid:,"$290,000",,
2812840,,,,No Buyer's Premium,,466 CRESCENT STREET UNIT # 326,"OAKLAND, CA 94610, Alameda County","Oct 10, 9:00am","Foreclosure Sale, In Person",2,2,,,,,,,,,,,,,,,,,,,Save,"1,116",,,,Est. Resale Value:,"$792,000",Est. Credit Bid:,–,Opening Bid:,"$650,000",,
1339048,,,,No Buyer's Premium,,39773 COSTA WAY,"FREMONT, CA 94538, Alameda County","Oct 10, 9:00am","Foreclosure Sale, In Person",2,4,,,,,,,,,,,,,,,,,,,Save,"1,734",,,,Est. Resale Value:,"$1,040,000",Est. Credit Bid:,–,Opening Bid:,"$265,000",,
2798009,,,,No Buyer's Premium,,1 MORGAN LANE,"SAN RAFAEL, CA 94901, Marin County","Oct 23, 1:00pm","Foreclosure Sale, In Person",5,4,HOT,,,,,,,,,,,,,,,,,,Save,"3,434",,,,Est. Resale Value:,"$2,480,000",Est. Credit Bid:,–,Opening Bid:,"$1,200,000",,
2814458,,,,No Buyer's Premium,,109 LOOKOUT CT,"HERCULES, CA 94547, Contra Costa County","Sep 11, Time TBD","Foreclosure Sale, In Person",3,4,,,,,,,,,,,,,,,,,,,Save,"2,462",,,,Est. Resale Value:,"$846,000",Est. Credit Bid:,–,Opening Bid:,–,,
2814498,,,,No Buyer's Premium,,103 MICHAEL CT,"VALLEJO, CA 94591, Solano County","Sep 17, Time TBD","Foreclosure Sale, In Person",3.5,5,,,,,,,,,,,,,,,,,,,Save,"2,155",,,,Est. Resale Value:,"$628,000",Est. Credit Bid:,–,Opening Bid:,–,,
2814522,,,,No Buyer's Premium,,5910 BRUCE DR,"PLEASANTON, CA 94588, Contra Costa County","Oct 30, Time TBD","Foreclosure Sale, In Person",4,4,,,,,,,,,,,,,,,,,,,Save,"4,468",,,,Est. Resale Value:,–,Est. Credit Bid:,–,Opening Bid:,–,,
2810100,,,,No Buyer's Premium,,5089 LYNNBROOK DR,"FAIRFIELD, CA 94534, Solano County","Oct 09, 9:00am","Foreclosure Sale, In Person",2,4,HOT,,,,,,,,,,,,,,,,,,Save,"1,835",,,,Est. Resale Value:,"$570,000",Est. Credit Bid:,–,Opening Bid:,"$285,000",,
2812919,,,,No Buyer's Premium,,506 PARKER LN,"Antioch, CA 94509, Contra Costa County",Sep 8 - 10,"Bank Owned, Online",1,3,,,,,,,,,,,,,,,,,,,Save,"1,188",,,,Est. Resale Value:,"$433,000",Reserve:,–,Opening Bid:,"$125,000",,
1331017,,,,"
",,9 CREEKLEDGE COURT,"DANVILLE, CA 94506, Contra Costa County","Nov 19, 9:00am","Foreclosure Sale, In Person",4.5,4,,,,,,,,,,,,,,,,,,,Save,"5,227",,,,Est. Resale Value:,"$2,701,000",Est. Credit Bid:,–,Opening Bid:,"$2,050,000",,
2794804,,,,No Buyer's Premium,,1405 STONEY GORGE WAY,"ANTIOCH, CA 94531, Contra Costa County","Oct 22, 9:00am","Foreclosure Sale, In Person",2,3,HOT,,,,,,,,,,,,,,,,,,Save,"1,605",,,,Est. Resale Value:,"$514,000",Est. Credit Bid:,–,Opening Bid:,"$195,000",,
2806369,,,,No Buyer's Premium,,515 COCONUT PL,"BRENTWOOD, CA 94513, Contra Costa County","Sep 24, 9:00am","Foreclosure Sale, In Person",3,4,HOT,,,,,,,,,,,,,,,,,,Save,"3,293",,,,Est. Resale Value:,"$649,000",Est. Credit Bid:,–,Opening Bid:,"$430,000",,
2807240,,,,No Buyer's Premium,,4400 CARIBOU COURT,"ANTIOCH, CA 94531, Contra Costa County","Sep 24, 9:00am","Foreclosure Sale, In Person",3,5,,,,,,,,,,,,,,,,,,,Save,"2,237",,,,Est. Resale Value:,"$580,000",Est. Credit Bid:,–,Opening Bid:,"$215,000",,
2811756,,,,No Buyer's Premium,,1642 SYCAMORE DR,"OAKLEY, CA 94561, Contra Costa County","Oct 08, 9:00am","Foreclosure Sale, In Person",3,4,,,,,,,,,,,,,,,,,,,Save,"2,195",,,,Est. Resale Value:,"$594,000",Est. Credit Bid:,–,Opening Bid:,"$400,000",,
2802265,,,,No Buyer's Premium,,1014 SUNNYOAK WAY,"STOCKTON, CA 95209, San Joaquin County","Sep 19, 9:00am","Foreclosure Sale, In Person",2,3,HOT,,,,,,,,,,,,,,,,,,Save,"1,503",,,,Est. Resale Value:,"$314,000",Est. Credit Bid:,–,Opening Bid:,"$85,000",,
2807549,,,,No Buyer's Premium,,4205 STAR RIDGE RD,"HAYWARD, CA 94542, Alameda County","Oct 11, 12:00pm","Foreclosure Sale, In Person",3,4,,,,,,,,,,,,,,,,,,,Save,"2,218",,,,Est. Resale Value:,"$1,256,000",Est. Credit Bid:,–,Opening Bid:,–,,
2807932,,,,No Buyer's Premium,,8729 Los Olivas Ct,"Stockton, CA 95210, San Joaquin County",Sep 8 - 10,"Bank Owned, Online",3,4,,,,,,,,,,,,,,,,,,,Save,"1,974",,,,Est. Resale Value:,"$373,000",Reserve:,–,Opening Bid:,"$97,500",,
2807564,,,,No Buyer's Premium,,319 TURNSTONE CIRC,"PITTSBURG, CA 94565, Contra Costa County","Sep 25, Time TBD","Foreclosure Sale, In Person",2.5,3,,,,,,,,,,,,,,,,,,,Save,"1,805",,,,Est. Resale Value:,"$540,000",Est. Credit Bid:,–,Opening Bid:,–,,
2807545,,,,No Buyer's Premium,,1714 VENTURA WAY,"SUISUN CITY, CA 94585, Solano County","Oct 15, Time TBD","Foreclosure Sale, In Person",2,3,,,,,,,,,,,,,,,,,,,Save,"1,434",,,,Est. Resale Value:,"$478,000",Est. Credit Bid:,–,Opening Bid:,–,,
2799445,,,,No Buyer's Premium,,4776 BROOKSIDE CIR,"FAIRFIELD, CA 94534, Solano County","Sep 19, Time TBD","Foreclosure Sale, In Person",2,3,,,,,,,,,,,,,,,,,,,Save,"1,502",,,,Est. Resale Value:,"$529,000",Est. Credit Bid:,–,Opening Bid:,–,,
2799446,,,,No Buyer's Premium,,22558 6TH ST,"HAYWARD, CA 94541, Alameda County","Sep 25, Time TBD","Foreclosure Sale, In Person",1.5,3,,,,,,,,,,,,,,,,,,,Save,"1,849",,,,Est. Resale Value:,"$800,000",Est. Credit Bid:,–,Opening Bid:,–,,
2789446,,,,No Buyer's Premium,,11 WATT AVENUE,"SAN RAFAEL, CA 94901, Marin County","Oct 09, 1:00pm","Foreclosure Sale, In Person",2,5,HOT,,,,,,,,,,,,,,,,,,Save,"2,096",,,,Est. Resale Value:,–,Est. Credit Bid:,–,Opening Bid:,"$600,000",,
2798012,,,,No Buyer's Premium,,1237 DEL MAR AVENUE,"VALLEJO, CA 94589, Solano County","Sep 25, 9:00am","Foreclosure Sale, In Person",2,4,HOT,,,,,,,,,,,,,,,,,,Save,"1,813",,,,Est. Resale Value:,"$573,000",Est. Credit Bid:,–,Opening Bid:,"$175,000",,
2805953,,,,No Buyer's Premium,,2312 BELVEDERE AVE,"SAN LEANDRO, CA 94577, Alameda County","Oct 01, Time TBD","Foreclosure Sale, In Person",1.5,3,,,,,,,,,,,,,,,,,,,Save,"1,364",,,,Est. Resale Value:,"$555,000",Est. Credit Bid:,–,Opening Bid:,–,,
2807552,,,,No Buyer's Premium,,3035 COLBY ST,"BERKELEY, CA 94705, Alameda County","Sep 13, 12:00pm","Foreclosure Sale, In Person",2,2,,,,,,,,,,,,,,,,,,,Save,"1,084",,,,Est. Resale Value:,–,Est. Credit Bid:,–,Opening Bid:,–,,
2794805,,,,No Buyer's Premium,,2013 MT HAMILTON DR,"ANTIOCH, CA 94531, Contra Costa County","Sep 10, 9:00am","Foreclosure Sale, In Person",2.5,4,,,,,,,,,,,,,,,,,,,Save,"1,799",,,,Est. Resale Value:,"$518,000",Est. Credit Bid:,–,Opening Bid:,"$305,000",,
2798762,,,,No Buyer's Premium,,2150 BREAKER COURT,"DISCOVERY BAY, CA 94505, Contra Costa County","Oct 08, 9:00am","Foreclosure Sale, In Person",2.5,3,HOT,,,,,,,,,,,,,,,,,,Save,"1,668",,,,Est. Resale Value:,"$667,000",Est. Credit Bid:,–,Opening Bid:,"$345,000",,
2800003,,,,No Buyer's Premium,,917 PROMENADE DRIVE,"PITTSBURG, CA 94565, Contra Costa County","Oct 08, 9:00am","Foreclosure Sale, In Person",2,3,,,,,,,,,,,,,,,,,,,Save,"2,241",,,,Est. Resale Value:,"$617,000",Est. Credit Bid:,–,Opening Bid:,"$340,000",,
2805963,,,,No Buyer's Premium,,2003 HENRY LONG BLVD,"STOCKTON, CA 95206, San Joaquin County","Sep 13, Time TBD","Foreclosure Sale, In Person",3,3,,,,,,,,,,,,,,,,,,,Save,"1,557",,,,Est. Resale Value:,"$386,000",Est. Credit Bid:,–,Opening Bid:,–,,
2805932,,,,No Buyer's Premium,,1065 61ST ST,"OAKLAND, CA 94608, Alameda County","Sep 11, Time TBD","Foreclosure Sale, In Person",1,3,HOT,,,,,,,,,,,,,,,,,,Save,"1,078",,,,Est. Resale Value:,"$943,000",Est. Credit Bid:,–,Opening Bid:,–,,
2805944,,,,No Buyer's Premium,,204 COMPTON CIR APT C,"SAN RAMON, CA 94583, Contra Costa County","Sep 11, 1:30pm","Foreclosure Sale, In Person",2,2,HOT,,,,,,,,,,,,,,,,,,Save,995,,,,Est. Resale Value:,"$604,000",Est. Credit Bid:,–,Opening Bid:,–,,
2801310,,,,No Buyer's Premium,,7011 SHOREHAM PLACE,"STOCKTON, CA 95207, San Joaquin County","Oct 03, 9:00am","Foreclosure Sale, In Person",2,4,,,,,,,,,,,,,,,,,,,Save,"2,194",,,,Est. Resale Value:,"$413,000",Est. Credit Bid:,–,Opening Bid:,"$260,000",,
2802267,,,,No Buyer's Premium,,1434 JUNEWOOD PLACE,"MANTECA, CA 95336, San Joaquin County","Oct 03, 9:00am","Foreclosure Sale, In Person",2,3,HOT,,,,,,,,,,,,,,,,,,Save,"1,774",,,,Est. Resale Value:,"$464,000",Est. Credit Bid:,–,Opening Bid:,"$115,000",,
2798343,,,,No Buyer's Premium,,410 EMPIRE AVENUE,"MODESTO, CA 95354, Stanislaus County","Oct 02, 9:00am","Foreclosure Sale, In Person",1,2,,,,,,,,,,,,,,,,,,,Save,"1,116",,,,Est. Resale Value:,"$267,000",Est. Credit Bid:,–,Opening Bid:,"$95,000",,
2802653,Broker Commission Available,,,,,5003 NORTONVILLE COURT,"ANTIOCH, CA 94531, Contra Costa County",Sep 9 - 11,"Bank Owned, Online",3.5,4,,,,,,,,,,,,,,,,,,,Save,"3,726",,,,Est. Resale Value:,"$760,000",Reserve:,–,Opening Bid:,"$300,000",,
2797488,,,,No Buyer's Premium,,419 BELL AVENUE,"FAIRFIELD, CA 94533, Solano County","Oct 09, 9:00am","Foreclosure Sale, In Person",2,3,,,,,,,,,,,,,,,,,,,Save,"1,514",,,,Est. Resale Value:,–,Est. Credit Bid:,–,Opening Bid:,"$85,000",,
2797489,,,,No Buyer's Premium,,151 SHADY LANE,"VALLEJO, CA 94591, Solano County","Sep 11, 9:00am","Foreclosure Sale, In Person",2.5,4,HOT,,,,,,,,,,,,,,,,,,Save,"2,230",,,,Est. Resale Value:,"$605,000",Est. Credit Bid:,–,Opening Bid:,"$280,000",,
2798320,,,,No Buyer's Premium,,307 BRANCHWOOD DRIVE,"RIO VISTA, CA 94571, Solano County","Oct 09, 9:00am","Foreclosure Sale, In Person",2.5,3,HOT,,,,,,,,,,,,,,,,,,Save,"2,302",,,,Est. Resale Value:,"$504,000",Est. Credit Bid:,–,Opening Bid:,"$315,000",,
2794810,,,,No Buyer's Premium,,5726 SHEPHERD CANYON RD,"OAKLAND, CA 94611, Alameda County","Oct 10, 9:00am","Foreclosure Sale, In Person",1,3,,,,,,,,,,,,,,,,,,,Save,"1,342",,,,Est. Resale Value:,"$1,327,000",Est. Credit Bid:,–,Opening Bid:,"$245,000",,
2785252,,,,No Buyer's Premium,,2229 108TH AVENUE,"OAKLAND, CA 94603, Alameda County","Nov 21, 9:00am","Foreclosure Sale, In Person",2,3,HOT,,,,,,,,,,,,,,,,,,Save,"1,222",,,,Est. Resale Value:,"$719,000",Est. Credit Bid:,–,Opening Bid:,"$365,000",,
2788729,,,,No Buyer's Premium,,1337 COLUMBIA ST,"PITTSBURG, CA 94565, Contra Costa County","Sep 16, 1:30pm","Foreclosure Sale, In Person",2,3,HOT,,,,,,,,,,,,,,,,,,Save,"2,292",,,,Est. Resale Value:,–,Est. Credit Bid:,–,Opening Bid:,"$180,000",,
2787199,,,,No Buyer's Premium,,1110 TARA HILLS DRIVE,"PINOLE, CA 94564, Contra Costa County","Oct 08, 9:00am","Foreclosure Sale, In Person",2,3,HOT,,,,,,,,,,,,,,,,,,Save,"1,500",,,,Est. Resale Value:,"$675,000",Est. Credit Bid:,–,Opening Bid:,"$355,000",,
2790787,,,,No Buyer's Premium,,2362 KEATS LANE,"SAN RAMON, CA 94582, Contra Costa County","Sep 24, 9:00am","Foreclosure Sale, In Person",4.5,5,,,,,,,,,,,,,,,,,,,Save,"4,060",,,,Est. Resale Value:,"$1,516,000",Est. Credit Bid:,–,Opening Bid:,"$1,100,000",,
2792410,,,,No Buyer's Premium,,6669 EMBARCADERO DR 18,"STOCKTON, CA 95219, San Joaquin County","Oct 17, 9:00am","Foreclosure Sale, In Person",–,–,,,,,,,,,,,,,,,,,,,Save,–,,,,Est. Resale Value:,–,Est. Credit Bid:,–,Opening Bid:,–,,
2788590,,,,No Buyer's Premium,,9626 SALVATORE CT,"STOCKTON, CA 95212, San Joaquin County","Oct 03, 9:00am","Foreclosure Sale, In Person",4,6,HOT,,,,,,,,,,,,,,,,,,Save,"2,924",,,,Est. Resale Value:,"$523,000",Est. Credit Bid:,–,Opening Bid:,"$290,000",,
2791923,,,,No Buyer's Premium,,1973 OAK TREE LANE,"STOCKTON, CA 95209, San Joaquin County","Sep 19, 9:00am","Foreclosure Sale, In Person",3,4,,,,,,,,,,,,,,,,,,,Save,"2,641",,,,Est. Resale Value:,"$527,000",Est. Credit Bid:,–,Opening Bid:,"$255,000",,
1434310,,,,No Buyer's Premium,,1736 VOLENDAM AVENUE,"MODESTO, CA 95356, Stanislaus County","Oct 16, 9:00am","Foreclosure Sale, In Person",3,3,,,,,,,,,,,,,,,,,,,Save,"2,027",,,,Est. Resale Value:,"$415,000",Est. Credit Bid:,–,Opening Bid:,"$145,000",,
2795214,,,,No Buyer's Premium,,4701 MYRTLE DRIVE,"CONCORD, CA 94521, Contra Costa County","Nov 04, 9:00am","Foreclosure Sale, In Person",2.5,3,,,,,,,,,,,,,,,,,,,Save,"2,732",,,,Est. Resale Value:,"$796,000",Est. Credit Bid:,–,Opening Bid:,"$450,000",,
2791096,,,,No Buyer's Premium,,155 WESTPORT LN,"VALLEJO, CA 94591, Solano County","Sep 24, 10:30am","Foreclosure Sale, In Person",2,4,,,,,,,,,,,,,,,,,,,Save,"2,070",,,,Est. Resale Value:,"$526,000",Est. Credit Bid:,–,Opening Bid:,–,,
2791103,,,,No Buyer's Premium,,277 SADOWA ST,"SAN FRANCISCO, CA 94112, San Francisco County","Oct 10, 2:00pm","Foreclosure Sale, In Person",1,–,,,,,,,,,,,,,,,,,,,Save,"1,151",,,,Est. Resale Value:,"$1,019,000",Est. Credit Bid:,–,Opening Bid:,–,,
2783330,,,,No Buyer's Premium,,19928 CENTER ST,"CASTRO VALLEY, CA 94546, Alameda County","Oct 10, 9:00am","Foreclosure Sale, In Person",2,4,HOT,,,,,,,,,,,,,,,,,,Save,"2,352",,,,Est. Resale Value:,"$1,100,000",Est. Credit Bid:,–,Opening Bid:,"$630,000",,
2788228,,,,No Buyer's Premium,,746 DIABLO AVENUE,"NOVATO, CA 94947, Marin County","Oct 23, 1:00pm","Foreclosure Sale, In Person",1,3,,,,,,,,,,,,,,,,,,,Save,"1,093",,,,Est. Resale Value:,"$724,000",Est. Credit Bid:,–,Opening Bid:,"$490,000",,
2787083,,,,No Buyer's Premium,,1022 YORK STREET,"VALLEJO, CA 94590, Solano County","Nov 20, 9:00am","Foreclosure Sale, In Person",3,3,,,,,,,,,,,,,,,,,,,Save,"2,310",,,,Est. Resale Value:,"$731,000",Est. Credit Bid:,–,Opening Bid:,"$230,000",,
2787177,,,,No Buyer's Premium,,129 PIONEER AVE,"WALNUT CREEK, CA 94597, Contra Costa County","Sep 10, 9:00am","Foreclosure Sale, In Person",1,2,HOT,,,,,,,,,,,,,,,,,,Save,957,,,,Est. Resale Value:,"$809,000",Est. Credit Bid:,–,Opening Bid:,"$480,000",,
2782196,,,,No Buyer's Premium,,5252 GRASSWOOD COURT,"CONCORD, CA 94521, Contra Costa County","Nov 04, 9:00am","Foreclosure Sale, In Person",2,2,,,,,,,,,,,,,,,,,,,Save,"1,079",,,,Est. Resale Value:,"$557,000",Est. Credit Bid:,–,Opening Bid:,"$375,000",,
2791120,,,,No Buyer's Premium,,622N GERTRUDE AVE,"STOCKTON, CA 95215, San Joaquin County","Sep 16, 9:30am","Foreclosure Sale, In Person",4,5,,,,,,,,,,,,,,,,,,,Save,"1,938",,,,Est. Resale Value:,–,Est. Credit Bid:,–,Opening Bid:,–,,
2791098,,,,No Buyer's Premium,,73 ALOHA CT,"PETALUMA, CA 94952, Sonoma County","Sep 06, 10:00am","Foreclosure Sale, In Person",3,4,HOT,,,,,,,,,,,,,,,,,,Save,"3,196",,,,Est. Resale Value:,"$1,490,000",Est. Credit Bid:,–,Opening Bid:,–,,
2788931,,,,"
",,3024 CAROUSEL CIRCLE,"STOCKTON, CA 95219, San Joaquin County","Oct 03, 9:00am","Foreclosure Sale, In Person",2,3,HOT,,,,,,,,,,,,,,,,,,Save,"1,186",,,,Est. Resale Value:,"$416,000",Est. Credit Bid:,–,Opening Bid:,"$225,000",,
2782062,,,,No Buyer's Premium,,1528 W LOCKEFORD STREET,"LODI, CA 95242, San Joaquin County","Oct 03, 9:00am","Foreclosure Sale, In Person",3,3,,,,,,,,,,,,,,,,,,,Save,"1,269",,,,Est. Resale Value:,"$398,000",Est. Credit Bid:,–,Opening Bid:,"$220,000",,
2789279,Broker Commission Available,,,,,1520 FRANKLIN AVENUE,"TRACY, CA 95376, San Joaquin County",Sep 9 - 11,"Bank Owned, Online",1,3,,,,,,,,,,,,,,,,,,,Save,"1,000",,,,Est. Resale Value:,"$400,000",Reserve:,–,Opening Bid:,"$150,000",,
2772853,,,,No Buyer's Premium,,32913 MONROVIA STREET,"UNION CITY, CA 94587, Alameda County","Oct 10, 9:00am","Foreclosure Sale, In Person",2.5,3,,,,,,,,,,,,,,,,,,,Save,"2,007",,,,Est. Resale Value:,"$1,214,000",Est. Credit Bid:,–,Opening Bid:,"$710,000",,
2769891,,,,No Buyer's Premium,,500 FAWN DRIVE,"SAN ANSELMO, CA 94960, Marin County","Sep 25, 1:00pm","Foreclosure Sale, In Person",2,3,,,,,,,,,,,,,,,,,,,Save,"3,172",,,,Est. Resale Value:,"$2,179,000",Est. Credit Bid:,–,Opening Bid:,"$1,300,000",,
2778183,,,,No Buyer's Premium,,518 SAN MARCO ST,"FAIRFIELD, CA 94533, Solano County","Sep 25, 9:00am","Foreclosure Sale, In Person",2,3,HOT,,,,,,,,,,,,,,,,,,Save,"1,287",,,,Est. Resale Value:,"$407,000",Est. Credit Bid:,–,Opening Bid:,"$250,000",,
2773497,,,,No Buyer's Premium,,3661 HARKNESS ST,"NAPA, CA 94558, Napa County","Oct 09, 1:00pm","Foreclosure Sale, In Person",2,3,,,,,,,,,,,,,,,,,,,Save,"1,144",,,,Est. Resale Value:,"$669,000",Est. Credit Bid:,–,Opening Bid:,"$255,000",,
2783217,,,,No Buyer's Premium,,4677 STONE N RD,"Bethel Island, CA 94511, Contra Costa County",Sep 8 - 10,"Bank Owned, Online",1.5,3,,,,,,,,,,,,,,,,,,,Save,"1,332",,,,Est. Resale Value:,"$609,000",Reserve:,"$386,400",Opening Bid:,"$175,000",,
2766724,,,,No Buyer's Premium,,3615 HARPERS FERRY DR,"STOCKTON, CA 95209, San Joaquin County","Nov 14, 9:00am","Foreclosure Sale, In Person",3,3,HOT,,,,,,,,,,,,,,,,,,Save,"1,982",,,,Est. Resale Value:,"$443,000",Est. Credit Bid:,–,Opening Bid:,"$250,000",,
2766723,,,,No Buyer's Premium,,1032 PLACER AVE,"MANTECA, CA 95336, San Joaquin County","Nov 26, 9:00am","Foreclosure Sale, In Person",2,3,,,,,,,,,,,,,,,,,,,Save,"1,596",,,,Est. Resale Value:,"$442,000",Est. Credit Bid:,–,Opening Bid:,"$260,000",,
2780746,,,,No Buyer's Premium,,9608 TWIN CREEKS AVE,"STOCKTON, CA 95219, San Joaquin County","Sep 30, 9:30am","Foreclosure Sale, In Person",3,4,,,,,,,,,,,,,,,,,,,Save,"1,866",,,,Est. Resale Value:,"$394,000",Est. Credit Bid:,–,Opening Bid:,–,,
2777574,,,,No Buyer's Premium,,1111 PALM AVE,"Martinez, CA 94553, Contra Costa County",Sep 8 - 10,"Bank Owned, Online",1,2,,,,,,,,,,,,,,,,,,,Save,785,,,,Est. Resale Value:,"$472,000",Reserve:,"$302,400",Opening Bid:,"$125,000",,
1402125,,,,No Buyer's Premium,,2562 LAS GALLINAS AVENUE,"SAN RAFAEL, CA 94903, Marin County","Sep 25, 1:00pm","Foreclosure Sale, In Person",2,3,,,,,,,,,,,,,,,,,,,Save,"1,544",,,,Est. Resale Value:,"$1,042,000",Est. Credit Bid:,–,Opening Bid:,"$370,000",,
2778042,,,,No Buyer's Premium,,9915 BERNHARDT DRIVE,"OAKLAND, CA 94603, Alameda County","Oct 10, 9:00am","Foreclosure Sale, In Person",2.5,3,,,,,,,,,,,,,,,,,,,Save,"1,880",,,,Est. Resale Value:,"$719,000",Est. Credit Bid:,–,Opening Bid:,"$395,000",,
2767252,,,,No Buyer's Premium,,242 VISTA DEL MAR,"SAN RAFAEL, CA 94901, Marin County","Sep 25, 1:00pm","Foreclosure Sale, In Person",1.5,3,HOT,,,,,,,,,,,,,,,,,,Save,"1,323",,,,Est. Resale Value:,"$551,000",Est. Credit Bid:,–,Opening Bid:,"$95,000",,
2778294,,,,No Buyer's Premium,,474E 12TH ST,"PITTSBURG, CA 94565, Contra Costa County","Oct 16, 9:00am","Foreclosure Sale, In Person",1,2,,,,,,,,,,,,,,,,,,,Save,"1,345",,,,Est. Resale Value:,–,Est. Credit Bid:,–,Opening Bid:,–,,
2769039,,,,No Buyer's Premium,,710 28TH STREET,"RICHMOND, CA 94804, Contra Costa County","Nov 04, 9:00am","Foreclosure Sale, In Person",2,5,HOT,,,,,,,,,,,,,,,,,,Save,"2,094",,,,Est. Resale Value:,"$748,000",Est. Credit Bid:,–,Opening Bid:,"$70,000",,
2774702,,,,No Buyer's Premium,,110 SEMPLE ST,"MODESTO, CA 95354, Stanislaus County","Oct 02, 9:00am","Foreclosure Sale, In Person",1,2,HOT,,,,,,,,,,,,,,,,,,Save,920,,,,Est. Resale Value:,"$243,000",Est. Credit Bid:,–,Opening Bid:,"$120,000",,
2758994,,,,No Buyer's Premium,,13321 SKYLINE BOULEVARD,"WATERFORD, CA 95386, Stanislaus County","Sep 18, 9:00am","Foreclosure Sale, In Person",2,3,HOT,,,,,,,,,,,,,,,,,,Save,"1,132",,,,Est. Resale Value:,"$284,000",Est. Credit Bid:,–,Opening Bid:,"$145,000",,
2771119,,,,No Buyer's Premium,,631 BRITTANY COURT,"BRENTWOOD, CA 94513, Contra Costa County","Oct 22, 9:00am","Foreclosure Sale, In Person",4.5,5,,,,,,,,,,,,,,,,,,,Save,"2,600",,,,Est. Resale Value:,"$673,000",Est. Credit Bid:,–,Opening Bid:,"$300,000",,
2765372,,,,No Buyer's Premium,,1489 VIA MESA,"SAN LORENZO, CA 94580, Alameda County","Sep 12, 9:00am","Foreclosure Sale, In Person",1,3,,,,,,,,,,,,,,,,,,,Save,"1,451",,,,Est. Resale Value:,–,Est. Credit Bid:,–,Opening Bid:,"$460,000",,
2767468,,,,No Buyer's Premium,,200 CRESCENT DRIVE,"RIO VISTA, CA 94571, Solano County","Oct 23, 9:00am","Foreclosure Sale, In Person",2.5,3,HOT,,,,,,,,,,,,,,,,,,Save,"2,052",,,,Est. Resale Value:,"$464,000",Est. Credit Bid:,–,Opening Bid:,"$235,000",,
2767853,,,,No Buyer's Premium,,5255 TERESA CT,"Oakley, CA 94561, Contra Costa County",Sep 8 - 10,"Bank Owned, Online",2,3,,,,,,,,,,,,,,,,,,,Save,"1,167",,,,Est. Resale Value:,"$496,000",Reserve:,–,Opening Bid:,"$150,000",,
2763774,,,,No Buyer's Premium,,2111 WATERMILL RD.,"SAN RAMON, CA 94582, Contra Costa County","Sep 24, 9:00am","Foreclosure Sale, In Person",2.5,3,,,,,,,,,,,,,,,,,,,Save,"1,979",,,,Est. Resale Value:,"$976,000",Est. Credit Bid:,–,Opening Bid:,"$590,000",,
2767253,,,,No Buyer's Premium,,4516 SHANNONDALE DRIVE,"ANTIOCH, CA 94531, Contra Costa County","Sep 24, 9:00am","Foreclosure Sale, In Person",3,4,HOT,,,,,,,,,,,,,,,,,,Save,"2,004",,,,Est. Resale Value:,"$560,000",Est. Credit Bid:,–,Opening Bid:,"$135,000",,
2757592,,,,No Buyer's Premium,,938 COUNTRY GLEN LANE,"BRENTWOOD, CA 94513, Contra Costa County","Sep 24, 9:00am","Foreclosure Sale, In Person",3,4,,,,,,,,,,,,,,,,,,,Save,"2,297",,,,Est. Resale Value:,"$679,000",Est. Credit Bid:,–,Opening Bid:,"$225,000",,
2764332,,,,No Buyer's Premium,,1805 NEVADA STREET,"STOCKTON, CA 95206, San Joaquin County","Oct 31, 9:00am","Foreclosure Sale, In Person",2,3,,,,,,,,,,,,,,,,,,,Save,"1,023",,,,Est. Resale Value:,"$293,000",Est. Credit Bid:,–,Opening Bid:,"$120,000",,
2765410,,,,No Buyer's Premium,,659 CLARIDGE DRIVE,"PACIFICA, CA 94044, San Mateo County","Oct 02, 1:00pm","Foreclosure Sale, In Person",2,3,HOT,,,,,,,,,,,,,,,,,,Save,"1,450",,,,Est. Resale Value:,"$1,189,000",Est. Credit Bid:,–,Opening Bid:,"$360,000",,
2765404,,,,No Buyer's Premium,,2446 27TH AVENUE,"SAN FRANCISCO, CA 94116, San Francisco County","Oct 09, 9:00am","Foreclosure Sale, In Person",1,–,,,,,,,,,,,,,,,,,,,Save,"1,335",,,,Est. Resale Value:,"$1,546,000",Est. Credit Bid:,–,Opening Bid:,"$180,000",,
2764134,,Interior Access,,,Vacant,57 Bates Blvd,"Orinda, CA 94563, Contra Costa County",Sep 5 - 9,"Bank Owned, Online",2.5,3,,,,,,,,,,,,,,,,,,,Save,"1,932",,,,Est. Resale Value:,"$1,661,000",Reserve:,–,Opening Bid:,"$695,450",,
2763854,,,,No Buyer's Premium,,234 S 5TH ST,"RICHMOND, CA 94804, Contra Costa County","Oct 28, 1:30pm","Foreclosure Sale, In Person",2,6,HOT,,,,,,,,,,,,,,,,,,Save,"2,388",,,,Est. Resale Value:,"$611,000",Est. Credit Bid:,–,Opening Bid:,–,,
2758491,,,,No Buyer's Premium,,4484 TULIP AVENUE,"OAKLAND, CA 94619, Alameda County","Sep 26, 9:00am","Foreclosure Sale, In Person",2,2,,,,,,,,,,,,,,,,,,,Save,"1,764",,,,Est. Resale Value:,"$1,013,000",Est. Credit Bid:,–,Opening Bid:,"$600,000",,
2760296,,,,No Buyer's Premium,,630 SILVERTOP WAY,"VACAVILLE, CA 95687, Solano County","Nov 06, 9:00am","Foreclosure Sale, In Person",2,4,HOT,,,,,,,,,,,,,,,,,,Save,"1,562",,,,Est. Resale Value:,"$515,000",Est. Credit Bid:,–,Opening Bid:,"$280,000",,
2761969,,,,No Buyer's Premium,,51 ELYSIAN FIELDS DR,"OAKLAND, CA 94605, Alameda County","Oct 02, 12:00pm","Foreclosure Sale, In Person",2,3,HOT,,,,,,,,,,,,,,,,,,Save,"1,867",,,,Est. Resale Value:,"$1,029,000",Est. Credit Bid:,–,Opening Bid:,–,,
2755973,,,,No Buyer's Premium,,2214 RHEEM AVE,"RICHMOND, CA 94801, Contra Costa County","Sep 10, 9:00am","Foreclosure Sale, In Person",1,2,HOT,,,,,,,,,,,,,,,,,,Save,845,,,,Est. Resale Value:,"$481,000",Est. Credit Bid:,–,Opening Bid:,"$255,000",,
2758413,,,,No Buyer's Premium,,981 BEN INGRAM WY,"TRACY, CA 95377, San Joaquin County","Oct 31, 9:00am","Foreclosure Sale, In Person",3,4,,,,,,,,,,,,,,,,,,,Save,"2,776",,,,Est. Resale Value:,"$659,000",Est. Credit Bid:,–,Opening Bid:,"$320,000",,
1474437,,,,No Buyer's Premium,,834 COLE AVENUE,"TURLOCK, CA 95382, Stanislaus County","Oct 02, 9:00am","Foreclosure Sale, In Person",3,4,,,,,,,,,,,,,,,,,,,Save,"1,726",,,,Est. Resale Value:,"$398,000",Est. Credit Bid:,–,Opening Bid:,"$150,000",,
2752420,,,,No Buyer's Premium,,2111 WEATHERBY WAY,"PETALUMA, CA 94954, Sonoma County","Sep 11, 10:00am","Foreclosure Sale, In Person",3,4,HOT,,,,,,,,,,,,,,,,,,Save,"2,778",,,,Est. Resale Value:,"$974,000",Est. Credit Bid:,–,Opening Bid:,–,,
2751069,,,,No Buyer's Premium,,44 SOLERA LANE,"AMERICAN CANYON, CA 94503, Napa County","Sep 25, 1:00pm","Foreclosure Sale, In Person",2,3,,,,,,,,,,,,,,,,,,,Save,"1,344",,,,Est. Resale Value:,"$378,000",Est. Credit Bid:,–,Opening Bid:,"$270,000",,
2748972,,,,No Buyer's Premium,,422 BLAKEMORE CT,"FAIRFIELD, CA 94533, Solano County","Nov 20, 9:00am","Foreclosure Sale, In Person",2.5,4,,,,,,,,,,,,,,,,,,,Save,"2,194",,,,Est. Resale Value:,"$544,000",Est. Credit Bid:,–,Opening Bid:,"$255,000",,
2748860,,,,No Buyer's Premium,,4913 RIDGECREST COURT,"FAIRFIELD, CA 94534, Solano County","Oct 09, 9:00am","Foreclosure Sale, In Person",2,3,HOT,,,,,,,,,,,,,,,,,,Save,"1,305",,,,Est. Resale Value:,"$498,000",Est. Credit Bid:,–,Opening Bid:,"$310,000",,
2752502,,,,No Buyer's Premium,,2521 CREEKSIDE DRIVE,"LODI, CA 95242, San Joaquin County","Sep 19, 9:00am","Foreclosure Sale, In Person",2,4,HOT,,,,,,,,,,,,,,,,,,Save,"1,630",,,,Est. Resale Value:,"$497,000",Est. Credit Bid:,–,Opening Bid:,"$290,000",,
2748584,,,,No Buyer's Premium,,1374 CAPE COD WAY,"CONCORD, CA 94521, Contra Costa County","Oct 22, 9:00am","Foreclosure Sale, In Person",2,4,HOT,,,,,,,,,,,,,,,,,,Save,"1,215",,,,Est. Resale Value:,"$666,000",Est. Credit Bid:,–,Opening Bid:,"$340,000",,
2752640,,,,No Buyer's Premium,,5628 7TH STREET,"KEYES, CA 95328, Stanislaus County","Sep 11, 12:00pm","Foreclosure Sale, In Person",1,4,HOT,,,,,,,,,,,,,,,,,,Save,"1,069",,,,Est. Resale Value:,"$226,000",Est. Credit Bid:,–,Opening Bid:,–,,
2740513,,,,No Buyer's Premium,,2410 EAST POPLAR STREET,"STOCKTON, CA 95205, San Joaquin County","Nov 14, 9:00am","Foreclosure Sale, In Person",1,3,,,,,,,,,,,,,,,,,,,Save,"1,505",,,,Est. Resale Value:,"$299,000",Est. Credit Bid:,–,Opening Bid:,"$180,000",,
1399178,,,,No Buyer's Premium,,5181 FAIRBANKS CMN,"FREMONT, CA 94555, Alameda County","Nov 07, 9:00am","Foreclosure Sale, In Person",2,2,HOT,,,,,,,,,,,,,,,,,,Save,950,,,,Est. Resale Value:,"$853,000",Est. Credit Bid:,–,Opening Bid:,"$325,000",,
1400466,Broker Commission Available,,,,,5719 DIMAS COURT,"PLEASANTON, CA 94566, Alameda County",Sep 9 - 11,"Bank Owned, Online",5.5,4,,,,,,,,,,,,,,,,,,,Saved,"4,959",,,,Est. Resale Value:,"$3,240,000",Reserve:,–,Opening Bid:,"$1,027,500",,
2746185,,,,No Buyer's Premium,,1910 ALETHA LN #4,"VACAVILLE, CA 95687, Solano County","Oct 09, 9:00am","Foreclosure Sale, In Person",1.5,2,HOT,,,,,,,,,,,,,,,,,,Save,966,,,,Est. Resale Value:,"$233,000",Est. Credit Bid:,–,Opening Bid:,"$120,000",,
2734934,,,,"
",,8 WATERBERRY CT,"PLEASANT HILL, CA 94523, Contra Costa County","Sep 24, 9:00am","Foreclosure Sale, In Person",2,4,,,,,,,,,,,,,,,,,,,Save,"2,166",,,,Est. Resale Value:,"$1,236,000",Est. Credit Bid:,–,Opening Bid:,"$250,000",,
2745935,,,,No Buyer's Premium,,295 GLASGOW CIRCLE,"DANVILLE, CA 94526, Contra Costa County","Nov 04, 9:00am","Foreclosure Sale, In Person",2,3,,,,,,,,,,,,,,,,,,,Save,"1,645",,,,Est. Resale Value:,"$1,187,000",Est. Credit Bid:,–,Opening Bid:,"$630,000",,
2731739,,,,No Buyer's Premium,,3320 OSBORN AVE,"STOCKTON, CA 95205, San Joaquin County","Oct 04, 9:00am","Foreclosure Sale, In Person",–,5,,,,,,,,,,,,,,,,,,,Save,"2,067",,,,Est. Resale Value:,–,Est. Credit Bid:,–,Opening Bid:,–,,
2745060,,,,No Buyer's Premium,,2433 ROCKINGHAM CIR,"LODI, CA 95242, San Joaquin County","Oct 04, 12:00pm","Foreclosure Sale, In Person",3,4,,,,,,,,,,,,,,,,,,,Save,"1,995",,,,Est. Resale Value:,"$463,000",Est. Credit Bid:,–,Opening Bid:,–,,
2736445,,,,No Buyer's Premium,,9544 ENCHANTMENT LANE,"STOCKTON, CA 95209, San Joaquin County","Oct 03, 9:00am","Foreclosure Sale, In Person",2,4,,,,,,,,,,,,,,,,,,,Save,"1,752",,,,Est. Resale Value:,"$381,000",Est. Credit Bid:,–,Opening Bid:,"$275,000",,
2720239,,,,No Buyer's Premium,,5520 FATTORIA BLVD,"SALIDA, CA 95368, Stanislaus County","Oct 02, 9:00am","Foreclosure Sale, In Person",2,4,HOT,,,,,,,,,,,,,,,,,,Save,"1,590",,,,Est. Resale Value:,"$412,000",Est. Credit Bid:,–,Opening Bid:,"$210,000",,
2726707,,,,No Buyer's Premium,,168 BULLION HILL DRIVE,"VALLEY SPRINGS, CA 95252, Calaveras County","Sep 10, 10:00am","Foreclosure Sale, In Person",2,4,,,,,,,,,,,,,,,,,,,Save,"2,129",,,,Est. Resale Value:,"$416,000",Est. Credit Bid:,–,Opening Bid:,"$255,000",,
2733831,,,,No Buyer's Premium,,6834 NEW MELONES CIRCLE,"DISCOVERY BAY, CA 94505, Contra Costa County","Sep 24, 9:00am","Foreclosure Sale, In Person",4,4,HOT,,,,,,,,,,,,,,,,,,Save,"4,285",,,,Est. Resale Value:,"$854,000",Est. Credit Bid:,–,Opening Bid:,"$365,000",,
2726322,,,,No Buyer's Premium,,3803 SHASTA CIR,"PITTSBURG, CA 94565, Contra Costa County","Oct 08, 9:00am","Foreclosure Sale, In Person",1,3,,,,,,,,,,,,,,,,,,,Save,"1,053",,,,Est. Resale Value:,"$435,000",Est. Credit Bid:,–,Opening Bid:,"$290,000",,
2737473,,,,No Buyer's Premium,,1174 CHESAPEAKE DR,"Pittsburg, CA 94565, Contra Costa County",Sep 8 - 10,"Bank Owned, Online",2.5,3,,,,,,,,,,,,,,,,,,,Save,"1,361",,,,Est. Resale Value:,"$469,000",Reserve:,"$361,200",Opening Bid:,"$175,000",,
2728674,,,,No Buyer's Premium,,1636 WEST SEXTON ROAD,"SEBASTOPOL, CA 95472, Sonoma County","Sep 19, 1:00pm","Foreclosure Sale, In Person",1,1,,,,,,,,,,,,,,,,,,,Save,"1,032",,,,Est. Resale Value:,"$1,109,000",Est. Credit Bid:,–,Opening Bid:,"$630,000",,
2732346,,,,No Buyer's Premium,,327 W WHITTIER AVE,"TRACY, CA 95376, San Joaquin County","Dec 12, 9:00am","Foreclosure Sale, In Person",1,3,HOT,,,,,,,,,,,,,,,,,,Save,829,,,,Est. Resale Value:,"$404,000",Est. Credit Bid:,–,Opening Bid:,"$245,000",,
2734901,,,,No Buyer's Premium,,30 ROCKRIDGE AVENUE,"DALY CITY, CA 94015, San Mateo County","Oct 02, 1:00pm","Foreclosure Sale, In Person",2,3,,,,,,,,,,,,,,,,,,,Save,"1,160",,,,Est. Resale Value:,"$1,031,000",Est. Credit Bid:,–,Opening Bid:,"$165,000",,
2729308,,,,No Buyer's Premium,,130 SPINNAKER COURT,"VACAVILLE, CA 95687, Solano County","Oct 23, 9:00am","Foreclosure Sale, In Person",2,4,HOT,,,,,,,,,,,,,,,,,,Save,"1,822",,,,Est. Resale Value:,"$520,000",Est. Credit Bid:,–,Opening Bid:,"$115,000",,
2731531,,,,No Buyer's Premium,,2274 AND 2276 LOMA HEIGHTS ROAD,"NAPA, CA 94558, Napa County","Nov 06, 1:00pm","Foreclosure Sale, In Person",–,3,,,,,,,,,,,,,,,,,,,Save,"1,524",,,,Est. Resale Value:,–,Est. Credit Bid:,–,Opening Bid:,"$790,000",,
2719856,,,,No Buyer's Premium,,2006 ROBIN DRIVE,"FAIRFIELD, CA 94533, Solano County","Sep 11, 9:00am","Foreclosure Sale, In Person",2,3,,,,,,,,,,,,,,,,,,,Save,"1,300",,,,Est. Resale Value:,"$437,000",Est. Credit Bid:,–,Opening Bid:,"$290,000",,
2726082,,,,No Buyer's Premium,,8857 REDMAN RD,"VALLEY SPRINGS, CA 95252, Calaveras County","Sep 24, 10:00am","Foreclosure Sale, In Person",2,3,HOT,,,,,,,,,,,,,,,,,,Save,"2,252",,,,Est. Resale Value:,"$475,000",Est. Credit Bid:,–,Opening Bid:,"$280,000",,
2731296,,,,No Buyer's Premium,,9813 DARTMOOR COURT,"ELK GROVE, CA 95757, Sacramento County","Nov 19, 9:00am","Foreclosure Sale, In Person",3,5,HOT,,,,,,,,,,,,,,,,,,Save,"2,725",,,,Est. Resale Value:,"$561,000",Est. Credit Bid:,–,Opening Bid:,"$245,000",,
1134380,,,,No Buyer's Premium,,3660 WELLS ROAD #14,"OAKLEY, CA 94561, Contra Costa County","Sep 24, 9:00am","Foreclosure Sale, In Person",2,3,,,,,,,,,,,,,,,,,,,Save,"1,501",,,,Est. Resale Value:,–,Est. Credit Bid:,–,Opening Bid:,"$50,000",,
2731651,,,,No Buyer's Premium,,1916 EMERIC AVE,"SAN PABLO, CA 94806, Contra Costa County","Sep 25, 9:00am","Foreclosure Sale, In Person",–,1,HOT,,,,,,,,,,,,,,,,,,Save,580,,,,Est. Resale Value:,"$421,000",Est. Credit Bid:,–,Opening Bid:,–,,
2731715,,,,No Buyer's Premium,,3305 HUDSON CRT,"PLEASANTON, CA 94588, Alameda County","Oct 21, 10:00am","Foreclosure Sale, In Person",–,4,HOT,,,,,,,,,,,,,,,,,,Save,"2,023",,,,Est. Resale Value:,"$1,322,000",Est. Credit Bid:,–,Opening Bid:,–,,
2719859,,,,No Buyer's Premium,,298 SHADYWOOD AVENUE,"LATHROP, CA 95330, San Joaquin County","Oct 03, 9:00am","Foreclosure Sale, In Person",2,3,,,,,,,,,,,,,,,,,,,Save,"1,040",,,,Est. Resale Value:,"$391,000",Est. Credit Bid:,–,Opening Bid:,"$185,000",,
2721093,,,,No Buyer's Premium,,1445 JULY DR,"MODESTO, CA 95358, Stanislaus County","Nov 25, 9:00am","Foreclosure Sale, In Person",2,3,,,,,,,,,,,,,,,,,,,Save,"1,375",,,,Est. Resale Value:,"$347,000",Est. Credit Bid:,–,Opening Bid:,"$155,000",,
2715220,,,,No Buyer's Premium,,1327 GRAND OAK WAY,"OAKDALE, CA 95361, Stanislaus County","Oct 16, 9:00am","Foreclosure Sale, In Person",3,5,,,,,,,,,,,,,,,,,,,Save,"3,262",,,,Est. Resale Value:,"$508,000",Est. Credit Bid:,–,Opening Bid:,"$290,000",,
2719864,,,,No Buyer's Premium,,605 SEAGULL DRIVE,"SUISUN CITY, CA 94585, Solano County","Nov 06, 9:00am","Foreclosure Sale, In Person",2,3,HOT,,,,,,,,,,,,,,,,,,Save,"1,480",,,,Est. Resale Value:,"$451,000",Est. Credit Bid:,–,Opening Bid:,"$180,000",,
2700099,,,,No Buyer's Premium,,1138 WALTZ COURT,"VALLEJO, CA 94591, Solano County","Oct 23, 9:00am","Foreclosure Sale, In Person",2,2,HOT,,,,,,,,,,,,,,,,,,Save,"1,513",,,,Est. Resale Value:,"$511,000",Est. Credit Bid:,–,Opening Bid:,"$265,000",,
2719357,,,,No Buyer's Premium,,4351 REDWOOD DR,"OAKLEY, CA 94561, Contra Costa County","Oct 04, 9:00am","Foreclosure Sale, In Person",–,3,,,,,,,,,,,,,,,,,,,Save,"1,238",,,,Est. Resale Value:,"$496,000",Est. Credit Bid:,–,Opening Bid:,–,,
2717961,,,,No Buyer's Premium,,70 YOSEMITE AVENUE #308,"OAKLAND, CA 94611, Alameda County","Oct 24, 9:00am","Foreclosure Sale, In Person",1,2,,,,,,,,,,,,,,,,,,,Save,"1,205",,,,Est. Resale Value:,"$746,000",Est. Credit Bid:,–,Opening Bid:,"$255,000",,
2714011,,,,No Buyer's Premium,,2269 LUPINE ROAD,"HERCULES, CA 94547, Contra Costa County","Oct 08, 9:00am","Foreclosure Sale, In Person",3,4,HOT,,,,,,,,,,,,,,,,,,Save,"2,327",,,,Est. Resale Value:,"$790,000",Est. Credit Bid:,–,Opening Bid:,"$460,000",,
2715622,Broker Commission Available,,,No Buyer's Premium,,1767 DAVID AVE,"Concord, CA 94518, Contra Costa County",Sep 8 - 10,"Bank Owned, Online",2,3,,,,,,,,,,,,,,,,,,,Save,"1,387",,,,Est. Resale Value:,"$713,000",Reserve:,"$567,000",Opening Bid:,"$275,000",,
1278425,,,,No Buyer's Premium,,140 CARMEL AVENUE,"PACIFICA, CA 94044, San Mateo County","Sep 18, 1:00pm","Foreclosure Sale, In Person",1,2,HOT,,,,,,,,,,,,,,,,,,Save,"1,080",,,,Est. Resale Value:,"$1,145,000",Est. Credit Bid:,–,Opening Bid:,"$295,000",,
2712584,,,,No Buyer's Premium,,27360 MARIGOLD COURT,"HAYWARD, CA 94545, Alameda County","Nov 21, 9:00am","Foreclosure Sale, In Person",1,3,,,,,,,,,,,,,,,,,,,Save,"1,440",,,,Est. Resale Value:,"$595,000",Est. Credit Bid:,–,Opening Bid:,"$360,000",,
2703821,,,,No Buyer's Premium,,1428 BIG REDWOOD DRIVE,"OAKLEY, CA 94561, Contra Costa County","Oct 08, 9:00am","Foreclosure Sale, In Person",–,4,HOT,,,,,,,,,,,,,,,,,,Save,"2,483",,,,Est. Resale Value:,"$625,000",Est. Credit Bid:,–,Opening Bid:,"$290,000",,
2708299,,,,No Buyer's Premium,,5435 JONATHAN DR,"NEWARK, CA 94560, Alameda County","Oct 24, 9:00am","Foreclosure Sale, In Person",2,3,,,,,,,,,,,,,,,,,,,Save,"1,314",,,,Est. Resale Value:,"$946,000",Est. Credit Bid:,–,Opening Bid:,"$500,000",,
2694881,,,,No Buyer's Premium,,746 DEL MAR CIRCLE,"VACAVILLE, CA 95688, Solano County","Sep 11, 9:00am","Foreclosure Sale, In Person",2,4,,,,,,,,,,,,,,,,,,,Save,"1,942",,,,Est. Resale Value:,"$580,000",Est. Credit Bid:,–,Opening Bid:,"$390,000",,
2709929,,,,No Buyer's Premium,,209 HEARTHSTONE CIRCLE,"OAKLEY, CA 94561, Contra Costa County","Sep 24, 9:00am","Foreclosure Sale, In Person",3,4,,,,,,,,,,,,,,,,,,,Save,"3,340",,,,Est. Resale Value:,"$731,000",Est. Credit Bid:,–,Opening Bid:,"$510,000",,
2709147,,,,No Buyer's Premium,,2137N 6TH STREET,"CONCORD, CA 94519, Contra Costa County","Oct 08, 9:00am","Foreclosure Sale, In Person",2,3,,,,,,,,,,,,,,,,,,,Save,"1,115",,,,Est. Resale Value:,–,Est. Credit Bid:,–,Opening Bid:,"$310,000",,
2711973,,,,No Buyer's Premium,,22 ETHEL AVENUE,"MILL VALLEY, CA 94941, Marin County","Oct 01, 9:30am","Foreclosure Sale, In Person",–,4,,,,,,,,,,,,,,,,,,,Save,"1,450",,,,Est. Resale Value:,"$2,087,000",Est. Credit Bid:,–,Opening Bid:,–,,
1264092,,,,No Buyer's Premium,,16780 GOLD NUGGET TRL,"LATHROP, CA 95330, San Joaquin County","Nov 14, 9:00am","Foreclosure Sale, In Person",3,5,,,,,,,,,,,,,,,,,,,Save,"3,297",,,,Est. Resale Value:,"$563,000",Est. Credit Bid:,–,Opening Bid:,"$325,000",,
2701977,,,,No Buyer's Premium,,149 E INGRAM STREET,"STOCKTON, CA 95204, San Joaquin County","Oct 17, 9:00am","Foreclosure Sale, In Person",2,4,,,,,,,,,,,,,,,,,,,Save,"1,313",,,,Est. Resale Value:,"$307,000",Est. Credit Bid:,–,Opening Bid:,"$125,000",,
2709945,,,,No Buyer's Premium,,10609 DAVIS RD,"STOCKTON, CA 95209, San Joaquin County","Sep 19, 9:00am","Foreclosure Sale, In Person",2,3,,,,,,,,,,,,,,,,,,,Save,"1,577",,,,Est. Resale Value:,"$253,000",Est. Credit Bid:,–,Opening Bid:,"$60,000",,
2705831,,,,No Buyer's Premium,,40 ACTON ST,"DALY CITY, CA 94014, San Mateo County","Sep 18, 1:00pm","Foreclosure Sale, In Person",1,2,HOT,,,,,,,,,,,,,,,,,,Save,"1,040",,,,Est. Resale Value:,"$996,000",Est. Credit Bid:,–,Opening Bid:,"$570,000",,
1409629,,,,No Buyer's Premium,,2644 TROUSDALE DRIVE,"BURLINGAME, CA 94010, San Mateo County","Oct 16, 1:00pm","Foreclosure Sale, In Person",2,3,HOT,,,,,,,,,,,,,,,,,,Save,"1,690",,,,Est. Resale Value:,"$2,477,000",Est. Credit Bid:,–,Opening Bid:,"$1,250,000",,
2699576,,,,No Buyer's Premium,,3615 DELANCY LANE,"CONCORD, CA 94519, Contra Costa County","Oct 08, 9:00am","Foreclosure Sale, In Person",2,3,HOT,,,,,,,,,,,,,,,,,,Save,"1,545",,,,Est. Resale Value:,"$693,000",Est. Credit Bid:,–,Opening Bid:,"$395,000",,
2695422,,,,No Buyer's Premium,,707 DANIELS AVENUE,"VALLEJO, CA 94590, Solano County","Oct 23, 9:00am","Foreclosure Sale, In Person",2,4,,,,,,,,,,,,,,,,,,,Save,"1,782",,,,Est. Resale Value:,"$481,000",Est. Credit Bid:,–,Opening Bid:,"$220,000",,
2677286,,,,No Buyer's Premium,,6518 CRESTVIEW CIRCLE,"STOCKTON, CA 95219, San Joaquin County","Oct 17, 9:00am","Foreclosure Sale, In Person",2,3,HOT,,,,,,,,,,,,,,,,,,Save,"1,647",,,,Est. Resale Value:,"$406,000",Est. Credit Bid:,–,Opening Bid:,"$245,000",,
2690883,,,,No Buyer's Premium,,3008 O'KEEFE COURT AKA 3008 O KEEFE CT,"MODESTO, CA 95355, Stanislaus County","Oct 16, 9:00am","Foreclosure Sale, In Person",3,5,,,,,,,,,,,,,,,,,,,Save,"3,230",,,,Est. Resale Value:,–,Est. Credit Bid:,–,Opening Bid:,"$220,000",,
1425748,,,,No Buyer's Premium,,1303 COBB STREET,"SAN MATEO, CA 94401, San Mateo County","Nov 13, 1:00pm","Foreclosure Sale, In Person",1,3,HOT,,,,,,,,,,,,,,,,,,Save,"1,000",,,,Est. Resale Value:,"$1,155,000",Est. Credit Bid:,–,Opening Bid:,"$690,000",,
2687112,,,,"
",,19764 WAVERLY AVE,"HAYWARD, CA 94541, Alameda County","Oct 10, 9:00am","Foreclosure Sale, In Person",1,3,HOT,,,,,,,,,,,,,,,,,,Save,"1,182",,,,Est. Resale Value:,"$687,000",Est. Credit Bid:,–,Opening Bid:,"$150,000",,
2690515,,,,No Buyer's Premium,,3985 BOLINAS PLACE,"DISCOVERY BAY, CA 94514, Contra Costa County","Oct 08, 9:00am","Foreclosure Sale, In Person",4,4,,,,,,,,,,,,,,,,,,,Save,"5,177",,,,Est. Resale Value:,"$1,891,000",Est. Credit Bid:,–,Opening Bid:,"$395,000",,
2689164,,,,No Buyer's Premium,,132 ALBATROSS COURT #15,"SAN FRANCISCO, CA 94124, San Francisco County","Sep 11, 9:00am","Foreclosure Sale, In Person",3,3,HOT,,,,,,,,,,,,,,,,,,Save,"1,360",,,,Est. Resale Value:,–,Est. Credit Bid:,–,Opening Bid:,"$32,500",,
2675939,,,,No Buyer's Premium,,10449 LONGFELLOW AVENUE,"OAKLAND, CA 94603, Alameda County","Sep 26, 9:00am","Foreclosure Sale, In Person",1,2,HOT,,,,,,,,,,,,,,,,,,Save,914,,,,Est. Resale Value:,"$567,000",Est. Credit Bid:,–,Opening Bid:,"$120,000",,
2680863,,,,No Buyer's Premium,,158 N WEST ST,"VACAVILLE, CA 95688, Solano County","Oct 23, 9:00am","Foreclosure Sale, In Person",2,3,,,,,,,,,,,,,,,,,,,Save,"1,144",,,,Est. Resale Value:,"$434,000",Est. Credit Bid:,–,Opening Bid:,"$185,000",,
2676408,,,,No Buyer's Premium,,4512 OLD MILL CT,"SALIDA, CA 95368, Stanislaus County","Oct 16, 9:00am","Foreclosure Sale, In Person",2,4,HOT,,,,,,,,,,,,,,,,,,Save,"1,709",,,,Est. Resale Value:,"$405,000",Est. Credit Bid:,–,Opening Bid:,"$250,000",,
2675037,,,,No Buyer's Premium,,2949 SHORELINE CIRCLE,"FAIRFIELD, CA 94533, Solano County","Oct 23, 9:00am","Foreclosure Sale, In Person",3,5,,,,,,,,,,,,,,,,,,,Save,"2,556",,,,Est. Resale Value:,"$606,000",Est. Credit Bid:,–,Opening Bid:,"$205,000",,
2676759,,,,No Buyer's Premium,,3801 CLAY BANK ROAD,"FAIRFIELD, CA 94533, Solano County","Sep 25, 9:00am","Foreclosure Sale, In Person",2,4,,,,,,,,,,,,,,,,,,,Save,"2,352",,,,Est. Resale Value:,"$697,000",Est. Credit Bid:,–,Opening Bid:,"$300,000",,
2677113,,,,No Buyer's Premium,,73 TERESA STREET,"DALY CITY, CA 94014, San Mateo County","Oct 02, 1:00pm","Foreclosure Sale, In Person",1.5,3,,,,,,,,,,,,,,,,,,,Save,"1,350",,,,Est. Resale Value:,"$927,000",Est. Credit Bid:,–,Opening Bid:,"$145,000",,
2671990,,,,No Buyer's Premium,,2101 LA JOLLA DR,"STOCKTON, CA 95204, San Joaquin County","Sep 19, 9:00am","Foreclosure Sale, In Person",2,3,,,,,,,,,,,,,,,,,,,Save,"1,313",,,,Est. Resale Value:,"$302,000",Est. Credit Bid:,–,Opening Bid:,"$100,000",,
1400095,,,,No Buyer's Premium,,1254 VIRGINIA STREET,"BERKELEY, CA 94702, Alameda County","Sep 12, 9:00am","Foreclosure Sale, In Person",2,3,,,,,,,,,,,,,,,,,,,Save,"1,690",,,,Est. Resale Value:,"$1,458,000",Est. Credit Bid:,–,Opening Bid:,"$660,000",,
2670200,,,,No Buyer's Premium,,2380 109TH AVENUE,"OAKLAND, CA 94603, Alameda County","Oct 10, 9:00am","Foreclosure Sale, In Person",1,2,,,,,,,,,,,,,,,,,,,Save,"1,008",,,,Est. Resale Value:,"$619,000",Est. Credit Bid:,–,Opening Bid:,"$95,000",,
2655856,,,,No Buyer's Premium,,1213 BARBERA COURT,"LODI, CA 95242, San Joaquin County","Oct 03, 9:00am","Foreclosure Sale, In Person",3,4,,,,,,,,,,,,,,,,,,,Save,"2,223",,,,Est. Resale Value:,"$552,000",Est. Credit Bid:,–,Opening Bid:,"$340,000",,
2651880,,,,No Buyer's Premium,,840 STARKE DRIVE,"CERES, CA 95307, Stanislaus County","Oct 02, 9:00am","Foreclosure Sale, In Person",3,4,,,,,,,,,,,,,,,,,,,Save,"2,121",,,,Est. Resale Value:,"$388,000",Est. Credit Bid:,–,Opening Bid:,"$180,000",,
1362593,,,,No Buyer's Premium,,3786 DUNMORE LANE,"DUBLIN, CA 94568, Alameda County","Sep 12, 9:00am","Foreclosure Sale, In Person",2.5,3,,,,,,,,,,,,,,,,,,,Save,"2,112",,,,Est. Resale Value:,"$877,000",Est. Credit Bid:,–,Opening Bid:,"$600,000",,
2657304,,,,No Buyer's Premium,,2977 MIRALOMA WAY,"UNION CITY, CA 94587, Alameda County","Sep 26, 9:00am","Foreclosure Sale, In Person",3,4,,,,,,,,,,,,,,,,,,,Save,"2,357",,,,Est. Resale Value:,"$1,224,000",Est. Credit Bid:,–,Opening Bid:,"$770,000",,
2652757,,,,No Buyer's Premium,,16365 SARATOGA AVE #203E AKA16365 SARATOGA ST 203E,"SAN LEANDRO, CA 94578, Alameda County","Sep 26, 9:00am","Foreclosure Sale, In Person",1.5,2,HOT,,,,,,,,,,,,,,,,,,Save,"1,022",,,,Est. Resale Value:,"$487,000",Est. Credit Bid:,–,Opening Bid:,"$275,000",,
2645453,,,,No Buyer's Premium,,3345 SPYGLASS CT,"FAIRFIELD, CA 94534, Solano County","Sep 25, 9:00am","Foreclosure Sale, In Person",4.5,6,HOT,,,,,,,,,,,,,,,,,,Save,"4,687",,,,Est. Resale Value:,"$1,023,000",Est. Credit Bid:,–,Opening Bid:,"$560,000",,
2638740,,,,No Buyer's Premium,,2805 POINT REYES COURT,"ANTIOCH, CA 94531, Contra Costa County","Sep 10, 9:00am","Foreclosure Sale, In Person",2.5,3,,,,,,,,,,,,,,,,,,,Save,"1,415",,,,Est. Resale Value:,"$471,000",Est. Credit Bid:,–,Opening Bid:,"$315,000",,
2658275,,,,No Buyer's Premium,,9459 MAMMATH PEAK CI,"STOCKTON, CA 95212, San Joaquin County","Sep 23, 10:00am","Foreclosure Sale, In Person",2,3,,,,,,,,,,,,,,,,,,,Save,"1,598",,,,Est. Resale Value:,"$380,000",Est. Credit Bid:,–,Opening Bid:,–,,
2647428,,,,No Buyer's Premium,,2665 BRISTOL AVENUE,"Stockton, CA 95204, San Joaquin County",Sep 8 - 10,"Bank Owned, Online",2,3,,,,,,,,,,,,,,,,,,,Save,"1,164",,,,Est. Resale Value:,"$295,000",Reserve:,–,Opening Bid:,"$87,500",,
2644168,,,,No Buyer's Premium,,1059 EUCLID AVENUE,"BERKELEY, CA 94708, Alameda County","Sep 26, 9:00am","Foreclosure Sale, In Person",2,3,,,,,,,,,,,,,,,,,,,Save,"1,411",,,,Est. Resale Value:,"$1,271,000",Est. Credit Bid:,–,Opening Bid:,"$55,000",,
2596923,,,,No Buyer's Premium,,1402 N PERSHING AVE,"STOCKTON, CA 95203, San Joaquin County","Oct 17, 9:00am","Foreclosure Sale, In Person",1,2,,,,,,,,,,,,,,,,,,,Save,"1,384",,,,Est. Resale Value:,"$309,000",Est. Credit Bid:,–,Opening Bid:,"$150,000",,
2616273,Broker Commission Available,,,,,5005 Tehachapi Way,"Antioch, CA 94531, Contra Costa County",TBD,"Bank Owned, Online",2.5,3,,,,,,,,,,,,,,,,,,,Save,"1,710",,,,Est. Resale Value:,"$522,000",Reserve:,–,Opening Bid:,"$175,000",,
2596579,,,,No Buyer's Premium,,2000 CLIFFWOOD DRIVE,"FAIRFIELD, CA 94534, Solano County","Sep 25, 9:00am","Foreclosure Sale, In Person",3,3,HOT,,,,,,,,,,,,,,,,,,Save,"2,857",,,,Est. Resale Value:,"$686,000",Est. Credit Bid:,–,Opening Bid:,"$275,000",,
2608644,,,,No Buyer's Premium,,61 RUDGEAR DRIVE,"WALNUT CREEK, CA 94596, Contra Costa County","Sep 10, 9:00am","Foreclosure Sale, In Person",1,4,,,,,,,,,,,,,,,,,,,Save,"1,596",,,,Est. Resale Value:,–,Est. Credit Bid:,–,Opening Bid:,"$730,000",,
2608580,,,,No Buyer's Premium,,124 RANDOLPH AVE,"SOUTH SAN FRANCISCO, CA 94080, San Mateo County","Oct 16, 1:00pm","Foreclosure Sale, In Person",1,2,,,,,,,,,,,,,,,,,,,Save,880,,,,Est. Resale Value:,"$840,000",Est. Credit Bid:,–,Opening Bid:,"$80,000",,
1371541,,,,No Buyer's Premium,,118 CRABAPPLE COURT,"HERCULES, CA 94547, Contra Costa County","Oct 22, 9:00am","Foreclosure Sale, In Person",2.5,4,HOT,,,,,,,,,,,,,,,,,,Save,"2,108",,,,Est. Resale Value:,"$800,000",Est. Credit Bid:,–,Opening Bid:,"$450,000",,
2571789,,,,No Buyer's Premium,,3795 ARBUTUS COURT,"HAYWARD, CA 94542, Alameda County","Nov 21, 9:00am","Foreclosure Sale, In Person",6.5,5,,,,,,,,,,,,,,,,,,,Save,"9,511",,,,Est. Resale Value:,–,Est. Credit Bid:,–,Opening Bid:,"$1,100,000",,
2556353,,,,No Buyer's Premium,,121 PARADISE DRIVE,"PACIFICA, CA 94044, San Mateo County","Sep 18, 1:00pm","Foreclosure Sale, In Person",1,3,,,,,,,,,,,,,,,,,,,Save,"1,110",,,,Est. Resale Value:,"$1,146,000",Est. Credit Bid:,–,Opening Bid:,"$13,605.32",,
2549031,,,,No Buyer's Premium,,3725 MONTANA DRIVE AKA 3725 MONTANA ST,"STOCKTON, CA 95212, San Joaquin County","Sep 19, 9:00am","Foreclosure Sale, In Person",2.5,4,,,,,,,,,,,,,,,,,,,Save,"2,146",,,,Est. Resale Value:,–,Est. Credit Bid:,–,Opening Bid:,"$245,000",,
1398414,,,,No Buyer's Premium,,40835 LINCOLN STREET,"FREMONT, CA 94538, Alameda County","Oct 24, 9:00am","Foreclosure Sale, In Person",6,12,HOT,,,,,,,,,,,,,,,,,,Save,"4,548",,,,Est. Resale Value:,"$2,257,000",Est. Credit Bid:,–,Opening Bid:,"$1,400,000",,
2499464,,,,No Buyer's Premium,,8202 REGENCY DR,"PLEASANTON, CA 94588, Alameda County","Dec 19, 9:00am","Foreclosure Sale, In Person",3.5,4,,,,,,,,,,,,,,,,,,,Save,"4,073",,,,Est. Resale Value:,–,Est. Credit Bid:,–,Opening Bid:,"$660,000",,
2493405,,,,No Buyer's Premium,,1387 AND 1389 145TH AVENUE,"SAN LEANDRO, CA 94578, Alameda County","Sep 26, 9:00am","Foreclosure Sale, In Person",4,4,,,,,,,,,,,,,,,,,,,Save,"2,176",,,,Est. Resale Value:,–,Est. Credit Bid:,–,Opening Bid:,"$90,000",,
2472934,,,,No Buyer's Premium,,1139 TUDOR SREET,"GALT, CA 95632, Sacramento County","Sep 10, 9:00am","Foreclosure Sale, In Person",1,3,,,,,,,,,,,,,,,,,,,Save,"1,080",,,,Est. Resale Value:,–,Est. Credit Bid:,–,Opening Bid:,"$175,000",,
2471511,,,,No Buyer's Premium,,5118 PIER DRIVE,"STOCKTON, CA 95206, San Joaquin County","Sep 19, 9:00am","Foreclosure Sale, In Person",3,5,HOT,,,,,,,,,,,,,,,,,,Save,"2,978",,,,Est. Resale Value:,"$497,000",Est. Credit Bid:,–,Opening Bid:,"$260,000",,
2453028,,,,No Buyer's Premium,,6600 BLUE POPPY DRIVE,"ELK GROVE, CA 95757, Sacramento County","Oct 08, 9:00am","Foreclosure Sale, In Person",3,4,,,,,,,,,,,,,,,,,,,Save,"2,129",,,,Est. Resale Value:,"$536,000",Est. Credit Bid:,–,Opening Bid:,"$305,000",,
2446185,,,,No Buyer's Premium,,397 NORTH PEBBLE BEACH COURT,"VALLEY SPRINGS, CA 95252, Calaveras County","Sep 10, 10:00am","Foreclosure Sale, In Person",2,3,,,,,,,,,,,,,,,,,,,Save,"2,695",,,,Est. Resale Value:,"$325,000",Est. Credit Bid:,–,Opening Bid:,"$220,000",,
2402355,,,,No Buyer's Premium,,1754 LAKESHORE DRIVE,"LODI, CA 95242, San Joaquin County","Oct 31, 9:00am","Foreclosure Sale, In Person",2,3,,,,,,,,,,,,,,,,,,,Save,"1,602",,,,Est. Resale Value:,"$420,000",Est. Credit Bid:,–,Opening Bid:,"$120,000",,
2233215,,,,No Buyer's Premium,,1121 EL VECINO AVENUE,"MODESTO, CA 95350, Stanislaus County","Sep 18, 9:00am","Foreclosure Sale, In Person",2.5,3,,,,,,,,,,,,,,,,,,,Save,"1,609",,,,Est. Resale Value:,"$353,000",Est. Credit Bid:,–,Opening Bid:,"$195,000",,
2188774,,,,No Buyer's Premium,,2109 PINETOWN ST,"STOCKTON, CA 95212, San Joaquin County","Oct 03, 9:00am","Foreclosure Sale, In Person",2.5,4,,,,,,,,,,,,,,,,,,,Save,"2,452",,,,Est. Resale Value:,"$458,000",Est. Credit Bid:,–,Opening Bid:,"$205,000",,
2124652,,,,No Buyer's Premium,,1808 DEBONAIRE DR,"MODESTO, CA 95350, Stanislaus County","Oct 02, 9:00am","Foreclosure Sale, In Person",2,3,,,,,,,,,,,,,,,,,,,Save,"1,448",,,,Est. Resale Value:,"$319,000",Est. Credit Bid:,–,Opening Bid:,"$95,000",,
2108475,,,,No Buyer's Premium,,1204 STANNAGE AVE,"BERKELEY, CA 94706, Alameda County","Oct 24, 9:00am","Foreclosure Sale, In Person",1,2,HOT,,,,,,,,,,,,,,,,,,Save,"1,093",,,,Est. Resale Value:,"$1,131,000",Est. Credit Bid:,–,Opening Bid:,"$290,000",,
2087329,,,,No Buyer's Premium,,4516 WESSEX LN,"SALIDA, CA 95368, Stanislaus County","Sep 18, 9:00am","Foreclosure Sale, In Person",2,3,HOT,,,,,,,,,,,,,,,,,,Save,"1,690",,,,Est. Resale Value:,"$408,000",Est. Credit Bid:,–,Opening Bid:,"$105,000",,
1373413,,,,No Buyer's Premium,,1467 LEGEND CIRCLE,"VALLEJO, CA 94591, Solano County","Nov 20, 9:00am","Foreclosure Sale, In Person",3,5,,,,,,,,,,,,,,,,,,,Save,"2,516",,,,Est. Resale Value:,"$645,000",Est. Credit Bid:,–,Opening Bid:,"$360,000",,
1987302,,,,No Buyer's Premium,,5619 DOREMUS AVE,"RICHMOND, CA 94805, Contra Costa County","Sep 10, 9:00am","Foreclosure Sale, In Person",2,4,,,,,,,,,,,,,,,,,,,Save,"1,781",,,,Est. Resale Value:,"$963,000",Est. Credit Bid:,–,Opening Bid:,–,,
1985147,,,,No Buyer's Premium,,710 MARINERS ISLAND BLVD #108,"SAN MATEO, CA 94404, San Mateo County","Sep 18, 1:00pm","Foreclosure Sale, In Person",1,–,HOT,,,,,,,,,,,,,,,,,,Save,519,,,,Est. Resale Value:,"$706,000",Est. Credit Bid:,–,Opening Bid:,"$210,000",,
1946942,,,,No Buyer's Premium,,3908 BEECHWOOD DRIVE,"CONCORD, CA 94519, Contra Costa County","Sep 24, 9:00am","Foreclosure Sale, In Person",1.5,3,,,,,,,,,,,,,,,,,,,Save,"1,691",,,,Est. Resale Value:,"$762,000",Est. Credit Bid:,–,Opening Bid:,"$290,000",,
1439127,,,,"
",,261 NORMA LANE,"BRENTWOOD, CA 94513, Contra Costa County","Nov 04, 9:00am","Foreclosure Sale, In Person",1.5,3,,Address,Auction Date(s),Ba,Bd,Price, Sort, , , , , , , , ,SqFt,, ,Save,"1,040",,,,Est. Resale Value:,"$337,000",Est. Credit Bid:,–,Opening Bid:,"$245,000",,
1439334,,,,No Buyer's Premium,,29 KINGWOOD ROAD,"OAKLAND, CA 94619, Alameda County","Sep 12, 9:00am","Foreclosure Sale, In Person",2.5,4,HOT,,,,,,,,,,,,,,,,,,Save,"2,009",,,,Est. Resale Value:,"$1,302,000",Est. Credit Bid:,–,Opening Bid:,"$710,000",,
1326929,,,,No Buyer's Premium,,434 PACIFICA AVE #A,"BAY POINT, CA 94565, Contra Costa County","Oct 08, 9:00am","Foreclosure Sale, In Person",2,4,,,,,,,,,,,,,,,,,,,Save,"1,698",,,,Est. Resale Value:,–,Est. Credit Bid:,–,Opening Bid:,"$345,000",,
1392803,Broker Commission Available,,,,,3336 MONTEVIDEO DRIVE,"SAN RAMON, CA 94583, Contra Costa County",Sep 9 - 11,"Bank Owned, Online",2,3,,,,,,,,,,,,,,,,,"
",,Saved,"1,500",,,,Est. Resale Value:,"$834,000",Reserve:,–,Opening Bid:,"$420,000",,
